series_id,indicator_name,frequency,fecha,valor,anio,mes,dia,trimestre
F022.TPM.TIN.D001.NO.Z.D,Tasa de Política Monetaria,DAILY,2020-01-02,1.75,2020,1,2,1
F022.TPM.TIN.D001.NO.Z.D,Tasa de Política Monetaria,DAILY,2020-01-03,1.75,2020,1,3,1
F022.TPM.TIN.D001.NO.Z.D,Tasa de Política Monetaria,DAILY,2020-01-06,1.75,2020,1,6,1
F022.TPM.TIN.D001.NO.Z.D,Tasa de Política Monetaria,DAILY,2020-01-07,1.75,2020,1,7,1
F022.TPM.TIN.D001.NO.Z.D,Tasa de Política Monetaria,DAILY,2020-01-08,1.75,2020,1,8,1
F022.TPM.TIN.D001.NO.Z.D,Tasa de Política Monetaria,DAILY,2020-01-09,1.75,2020,1,9,1
F022.TPM.TIN.D001.NO.Z.D,Tasa de Política Monetaria,DAILY,2020-01-10,1.75,2020,1,10,1
F022.TPM.TIN.D001.NO.Z.D,Tasa de Política Monetaria,DAILY,2020-01-13,1.75,2020,1,13,1
F022.TPM.TIN.D001.NO.Z.D,Tasa de Política Monetaria,DAILY,2020-01-14,1.75,2020,1,14,1
F022.TPM.TIN.D001.NO.Z.D,Tasa de Política Monetaria,DAILY,2020-01-15,1.75,2020,1,15,1
F022.TPM.TIN.D001.NO.Z.D,Tasa de Política Monetaria,DAILY,2020-01-16,1.75,2020,1,16,1
F022.TPM.TIN.D001.NO.Z.D,Tasa de Política Monetaria,DAILY,2020-01-17,1.75,2020,1,17,1
F022.TPM.TIN.D001.NO.Z.D,Tasa de Política Monetaria,DAILY,2020-01-20,1.75,2020,1,20,1
F022.TPM.TIN.D001.NO.Z.D,Tasa de Política Monetaria,DAILY,2020-01-21,1.75,2020,1,21,1
F022.TPM.TIN.D001.NO.Z.D,Tasa de Política Monetaria,DAILY,2020-01-22,1.75,2020,1,22,1
F022.TPM.TIN.D001.NO.Z.D,Tasa de Política Monetaria,DAILY,2020-01-23,1.75,2020,1,23,1
F022.TPM.TIN.D001.NO.Z.D,Tasa de Política Monetaria,DAILY,2020-01-24,1.75,2020,1,24,1
F022.TPM.TIN.D001.NO.Z.D,Tasa de Política Monetaria,DAILY,2020-01-27,1.75,2020,1,27,1
F022.TPM.TIN.D001.NO.Z.D,Tasa de Política Monetaria,DAILY,2020-01-28,1.75,2020,1,28,1
F022.TPM.TIN.D001.NO.Z.D,Tasa de Política Monetaria,DAILY,2020-01-29,1.75,2020,1,29,1
F022.TPM.TIN.D001.NO.Z.D,Tasa de Política Monetaria,DAILY,2020-01-30,1.75,2020,1,30,1
F022.TPM.TIN.D001.NO.Z.D,Tasa de Política Monetaria,DAILY,2020-01-31,1.75,2020,1,31,1
F022.TPM.TIN.D001.NO.Z.D,Tasa de Política Monetaria,DAILY,2020-02-03,1.75,2020,2,3,1
F022.TPM.TIN.D001.NO.Z.D,Tasa de Política Monetaria,DAILY,2020-02-04,1.75,2020,2,4,1
F022.TPM.TIN.D001.NO.Z.D,Tasa de Política Monetaria,DAILY,2020-02-05,1.75,2020,2,5,1
F022.TPM.TIN.D001.NO.Z.D,Tasa de Política Monetaria,DAILY,2020-02-06,1.75,2020,2,6,1
F022.TPM.TIN.D001.NO.Z.D,Tasa de Política Monetaria,DAILY,2020-02-07,1.75,2020,2,7,1
F022.TPM.TIN.D001.NO.Z.D,Tasa de Política Monetaria,DAILY,2020-02-10,1.75,2020,2,10,1
F022.TPM.TIN.D001.NO.Z.D,Tasa de Política Monetaria,DAILY,2020-02-11,1.75,2020,2,11,1
F022.TPM.TIN.D001.NO.Z.D,Tasa de Política Monetaria,DAILY,2020-02-12,1.75,2020,2,12,1
F022.TPM.TIN.D001.NO.Z.D,Tasa de Política Monetaria,DAILY,2020-02-13,1.75,2020,2,13,1
F022.TPM.TIN.D001.NO.Z.D,Tasa de Política Monetaria,DAILY,2020-02-14,1.75,2020,2,14,1
F022.TPM.TIN.D001.NO.Z.D,Tasa de Política Monetaria,DAILY,2020-02-17,1.75,2020,2,17,1
F022.TPM.TIN.D001.NO.Z.D,Tasa de Política Monetaria,DAILY,2020-02-18,1.75,2020,2,18,1
F022.TPM.TIN.D001.NO.Z.D,Tasa de Política Monetaria,DAILY,2020-02-19,1.75,2020,2,19,1
F022.TPM.TIN.D001.NO.Z.D,Tasa de Política Monetaria,DAILY,2020-02-20,1.75,2020,2,20,1
F022.TPM.TIN.D001.NO.Z.D,Tasa de Política Monetaria,DAILY,2020-02-21,1.75,2020,2,21,1
F022.TPM.TIN.D001.NO.Z.D,Tasa de Política Monetaria,DAILY,2020-02-24,1.75,2020,2,24,1
F022.TPM.TIN.D001.NO.Z.D,Tasa de Política Monetaria,DAILY,2020-02-25,1.75,2020,2,25,1
F022.TPM.TIN.D001.NO.Z.D,Tasa de Política Monetaria,DAILY,2020-02-26,1.75,2020,2,26,1
F022.TPM.TIN.D001.NO.Z.D,Tasa de Política Monetaria,DAILY,2020-02-27,1.75,2020,2,27,1
F022.TPM.TIN.D001.NO.Z.D,Tasa de Política Monetaria,DAILY,2020-02-28,1.75,2020,2,28,1
F022.TPM.TIN.D001.NO.Z.D,Tasa de Política Monetaria,DAILY,2020-03-02,1.75,2020,3,2,1
F022.TPM.TIN.D001.NO.Z.D,Tasa de Política Monetaria,DAILY,2020-03-03,1.75,2020,3,3,1
F022.TPM.TIN.D001.NO.Z.D,Tasa de Política Monetaria,DAILY,2020-03-04,1.75,2020,3,4,1
F022.TPM.TIN.D001.NO.Z.D,Tasa de Política Monetaria,DAILY,2020-03-05,1.75,2020,3,5,1
F022.TPM.TIN.D001.NO.Z.D,Tasa de Política Monetaria,DAILY,2020-03-06,1.75,2020,3,6,1
F022.TPM.TIN.D001.NO.Z.D,Tasa de Política Monetaria,DAILY,2020-03-09,1.75,2020,3,9,1
F022.TPM.TIN.D001.NO.Z.D,Tasa de Política Monetaria,DAILY,2020-03-10,1.75,2020,3,10,1
F022.TPM.TIN.D001.NO.Z.D,Tasa de Política Monetaria,DAILY,2020-03-11,1.75,2020,3,11,1
F022.TPM.TIN.D001.NO.Z.D,Tasa de Política Monetaria,DAILY,2020-03-12,1.75,2020,3,12,1
F022.TPM.TIN.D001.NO.Z.D,Tasa de Política Monetaria,DAILY,2020-03-13,1.75,2020,3,13,1
F022.TPM.TIN.D001.NO.Z.D,Tasa de Política Monetaria,DAILY,2020-03-16,1.75,2020,3,16,1
F022.TPM.TIN.D001.NO.Z.D,Tasa de Política Monetaria,DAILY,2020-03-17,1.0,2020,3,17,1
F022.TPM.TIN.D001.NO.Z.D,Tasa de Política Monetaria,DAILY,2020-03-18,1.0,2020,3,18,1
F022.TPM.TIN.D001.NO.Z.D,Tasa de Política Monetaria,DAILY,2020-03-19,1.0,2020,3,19,1
F022.TPM.TIN.D001.NO.Z.D,Tasa de Política Monetaria,DAILY,2020-03-20,1.0,2020,3,20,1
F022.TPM.TIN.D001.NO.Z.D,Tasa de Política Monetaria,DAILY,2020-03-23,1.0,2020,3,23,1
F022.TPM.TIN.D001.NO.Z.D,Tasa de Política Monetaria,DAILY,2020-03-24,1.0,2020,3,24,1
F022.TPM.TIN.D001.NO.Z.D,Tasa de Política Monetaria,DAILY,2020-03-25,1.0,2020,3,25,1
F022.TPM.TIN.D001.NO.Z.D,Tasa de Política Monetaria,DAILY,2020-03-26,1.0,2020,3,26,1
F022.TPM.TIN.D001.NO.Z.D,Tasa de Política Monetaria,DAILY,2020-03-27,1.0,2020,3,27,1
F022.TPM.TIN.D001.NO.Z.D,Tasa de Política Monetaria,DAILY,2020-03-30,1.0,2020,3,30,1
F022.TPM.TIN.D001.NO.Z.D,Tasa de Política Monetaria,DAILY,2020-03-31,1.0,2020,3,31,1
F022.TPM.TIN.D001.NO.Z.D,Tasa de Política Monetaria,DAILY,2020-04-01,0.5,2020,4,1,2
F022.TPM.TIN.D001.NO.Z.D,Tasa de Política Monetaria,DAILY,2020-04-02,0.5,2020,4,2,2
F022.TPM.TIN.D001.NO.Z.D,Tasa de Política Monetaria,DAILY,2020-04-03,0.5,2020,4,3,2
F022.TPM.TIN.D001.NO.Z.D,Tasa de Política Monetaria,DAILY,2020-04-06,0.5,2020,4,6,2
F022.TPM.TIN.D001.NO.Z.D,Tasa de Política Monetaria,DAILY,2020-04-07,0.5,2020,4,7,2
F022.TPM.TIN.D001.NO.Z.D,Tasa de Política Monetaria,DAILY,2020-04-08,0.5,2020,4,8,2
F022.TPM.TIN.D001.NO.Z.D,Tasa de Política Monetaria,DAILY,2020-04-09,0.5,2020,4,9,2
F022.TPM.TIN.D001.NO.Z.D,Tasa de Política Monetaria,DAILY,2020-04-13,0.5,2020,4,13,2
F022.TPM.TIN.D001.NO.Z.D,Tasa de Política Monetaria,DAILY,2020-04-14,0.5,2020,4,14,2
F022.TPM.TIN.D001.NO.Z.D,Tasa de Política Monetaria,DAILY,2020-04-15,0.5,2020,4,15,2
F022.TPM.TIN.D001.NO.Z.D,Tasa de Política Monetaria,DAILY,2020-04-16,0.5,2020,4,16,2
F022.TPM.TIN.D001.NO.Z.D,Tasa de Política Monetaria,DAILY,2020-04-17,0.5,2020,4,17,2
F022.TPM.TIN.D001.NO.Z.D,Tasa de Política Monetaria,DAILY,2020-04-20,0.5,2020,4,20,2
F022.TPM.TIN.D001.NO.Z.D,Tasa de Política Monetaria,DAILY,2020-04-21,0.5,2020,4,21,2
F022.TPM.TIN.D001.NO.Z.D,Tasa de Política Monetaria,DAILY,2020-04-22,0.5,2020,4,22,2
F022.TPM.TIN.D001.NO.Z.D,Tasa de Política Monetaria,DAILY,2020-04-23,0.5,2020,4,23,2
F022.TPM.TIN.D001.NO.Z.D,Tasa de Política Monetaria,DAILY,2020-04-24,0.5,2020,4,24,2
F022.TPM.TIN.D001.NO.Z.D,Tasa de Política Monetaria,DAILY,2020-04-27,0.5,2020,4,27,2
F022.TPM.TIN.D001.NO.Z.D,Tasa de Política Monetaria,DAILY,2020-04-28,0.5,2020,4,28,2
F022.TPM.TIN.D001.NO.Z.D,Tasa de Política Monetaria,DAILY,2020-04-29,0.5,2020,4,29,2
F022.TPM.TIN.D001.NO.Z.D,Tasa de Política Monetaria,DAILY,2020-04-30,0.5,2020,4,30,2
F022.TPM.TIN.D001.NO.Z.D,Tasa de Política Monetaria,DAILY,2020-05-04,0.5,2020,5,4,2
F022.TPM.TIN.D001.NO.Z.D,Tasa de Política Monetaria,DAILY,2020-05-05,0.5,2020,5,5,2
F022.TPM.TIN.D001.NO.Z.D,Tasa de Política Monetaria,DAILY,2020-05-06,0.5,2020,5,6,2
F022.TPM.TIN.D001.NO.Z.D,Tasa de Política Monetaria,DAILY,2020-05-07,0.5,2020,5,7,2
F022.TPM.TIN.D001.NO.Z.D,Tasa de Política Monetaria,DAILY,2020-05-08,0.5,2020,5,8,2
F022.TPM.TIN.D001.NO.Z.D,Tasa de Política Monetaria,DAILY,2020-05-11,0.5,2020,5,11,2
F022.TPM.TIN.D001.NO.Z.D,Tasa de Política Monetaria,DAILY,2020-05-12,0.5,2020,5,12,2
F022.TPM.TIN.D001.NO.Z.D,Tasa de Política Monetaria,DAILY,2020-05-13,0.5,2020,5,13,2
F022.TPM.TIN.D001.NO.Z.D,Tasa de Política Monetaria,DAILY,2020-05-14,0.5,2020,5,14,2
F022.TPM.TIN.D001.NO.Z.D,Tasa de Política Monetaria,DAILY,2020-05-15,0.5,2020,5,15,2
F022.TPM.TIN.D001.NO.Z.D,Tasa de Política Monetaria,DAILY,2020-05-18,0.5,2020,5,18,2
F022.TPM.TIN.D001.NO.Z.D,Tasa de Política Monetaria,DAILY,2020-05-19,0.5,2020,5,19,2
F022.TPM.TIN.D001.NO.Z.D,Tasa de Política Monetaria,DAILY,2020-05-20,0.5,2020,5,20,2
F022.TPM.TIN.D001.NO.Z.D,Tasa de Política Monetaria,DAILY,2020-05-22,0.5,2020,5,22,2
F022.TPM.TIN.D001.NO.Z.D,Tasa de Política Monetaria,DAILY,2020-05-25,0.5,2020,5,25,2
F022.TPM.TIN.D001.NO.Z.D,Tasa de Política Monetaria,DAILY,2020-05-26,0.5,2020,5,26,2
F022.TPM.TIN.D001.NO.Z.D,Tasa de Política Monetaria,DAILY,2020-05-27,0.5,2020,5,27,2
F022.TPM.TIN.D001.NO.Z.D,Tasa de Política Monetaria,DAILY,2020-05-28,0.5,2020,5,28,2
F022.TPM.TIN.D001.NO.Z.D,Tasa de Política Monetaria,DAILY,2020-05-29,0.5,2020,5,29,2
F022.TPM.TIN.D001.NO.Z.D,Tasa de Política Monetaria,DAILY,2020-06-01,0.5,2020,6,1,2
F022.TPM.TIN.D001.NO.Z.D,Tasa de Política Monetaria,DAILY,2020-06-02,0.5,2020,6,2,2
F022.TPM.TIN.D001.NO.Z.D,Tasa de Política Monetaria,DAILY,2020-06-03,0.5,2020,6,3,2
F022.TPM.TIN.D001.NO.Z.D,Tasa de Política Monetaria,DAILY,2020-06-04,0.5,2020,6,4,2
F022.TPM.TIN.D001.NO.Z.D,Tasa de Política Monetaria,DAILY,2020-06-05,0.5,2020,6,5,2
F022.TPM.TIN.D001.NO.Z.D,Tasa de Política Monetaria,DAILY,2020-06-08,0.5,2020,6,8,2
F022.TPM.TIN.D001.NO.Z.D,Tasa de Política Monetaria,DAILY,2020-06-09,0.5,2020,6,9,2
F022.TPM.TIN.D001.NO.Z.D,Tasa de Política Monetaria,DAILY,2020-06-10,0.5,2020,6,10,2
F022.TPM.TIN.D001.NO.Z.D,Tasa de Política Monetaria,DAILY,2020-06-11,0.5,2020,6,11,2
F022.TPM.TIN.D001.NO.Z.D,Tasa de Política Monetaria,DAILY,2020-06-12,0.5,2020,6,12,2
F022.TPM.TIN.D001.NO.Z.D,Tasa de Política Monetaria,DAILY,2020-06-15,0.5,2020,6,15,2
F022.TPM.TIN.D001.NO.Z.D,Tasa de Política Monetaria,DAILY,2020-06-16,0.5,2020,6,16,2
F022.TPM.TIN.D001.NO.Z.D,Tasa de Política Monetaria,DAILY,2020-06-17,0.5,2020,6,17,2
F022.TPM.TIN.D001.NO.Z.D,Tasa de Política Monetaria,DAILY,2020-06-18,0.5,2020,6,18,2
F022.TPM.TIN.D001.NO.Z.D,Tasa de Política Monetaria,DAILY,2020-06-19,0.5,2020,6,19,2
F022.TPM.TIN.D001.NO.Z.D,Tasa de Política Monetaria,DAILY,2020-06-22,0.5,2020,6,22,2
F022.TPM.TIN.D001.NO.Z.D,Tasa de Política Monetaria,DAILY,2020-06-23,0.5,2020,6,23,2
F022.TPM.TIN.D001.NO.Z.D,Tasa de Política Monetaria,DAILY,2020-06-24,0.5,2020,6,24,2
F022.TPM.TIN.D001.NO.Z.D,Tasa de Política Monetaria,DAILY,2020-06-25,0.5,2020,6,25,2
F022.TPM.TIN.D001.NO.Z.D,Tasa de Política Monetaria,DAILY,2020-06-26,0.5,2020,6,26,2
F022.TPM.TIN.D001.NO.Z.D,Tasa de Política Monetaria,DAILY,2020-06-30,0.5,2020,6,30,2
F022.TPM.TIN.D001.NO.Z.D,Tasa de Política Monetaria,DAILY,2020-07-01,0.5,2020,7,1,3
F022.TPM.TIN.D001.NO.Z.D,Tasa de Política Monetaria,DAILY,2020-07-02,0.5,2020,7,2,3
F022.TPM.TIN.D001.NO.Z.D,Tasa de Política Monetaria,DAILY,2020-07-03,0.5,2020,7,3,3
F022.TPM.TIN.D001.NO.Z.D,Tasa de Política Monetaria,DAILY,2020-07-06,0.5,2020,7,6,3
F022.TPM.TIN.D001.NO.Z.D,Tasa de Política Monetaria,DAILY,2020-07-07,0.5,2020,7,7,3
F022.TPM.TIN.D001.NO.Z.D,Tasa de Política Monetaria,DAILY,2020-07-08,0.5,2020,7,8,3
F022.TPM.TIN.D001.NO.Z.D,Tasa de Política Monetaria,DAILY,2020-07-09,0.5,2020,7,9,3
F022.TPM.TIN.D001.NO.Z.D,Tasa de Política Monetaria,DAILY,2020-07-10,0.5,2020,7,10,3
F022.TPM.TIN.D001.NO.Z.D,Tasa de Política Monetaria,DAILY,2020-07-13,0.5,2020,7,13,3
F022.TPM.TIN.D001.NO.Z.D,Tasa de Política Monetaria,DAILY,2020-07-14,0.5,2020,7,14,3
F022.TPM.TIN.D001.NO.Z.D,Tasa de Política Monetaria,DAILY,2020-07-15,0.5,2020,7,15,3
F022.TPM.TIN.D001.NO.Z.D,Tasa de Política Monetaria,DAILY,2020-07-17,0.5,2020,7,17,3
F022.TPM.TIN.D001.NO.Z.D,Tasa de Política Monetaria,DAILY,2020-07-20,0.5,2020,7,20,3
F022.TPM.TIN.D001.NO.Z.D,Tasa de Política Monetaria,DAILY,2020-07-21,0.5,2020,7,21,3
F022.TPM.TIN.D001.NO.Z.D,Tasa de Política Monetaria,DAILY,2020-07-22,0.5,2020,7,22,3
F022.TPM.TIN.D001.NO.Z.D,Tasa de Política Monetaria,DAILY,2020-07-23,0.5,2020,7,23,3
F022.TPM.TIN.D001.NO.Z.D,Tasa de Política Monetaria,DAILY,2020-07-24,0.5,2020,7,24,3
F022.TPM.TIN.D001.NO.Z.D,Tasa de Política Monetaria,DAILY,2020-07-27,0.5,2020,7,27,3
F022.TPM.TIN.D001.NO.Z.D,Tasa de Política Monetaria,DAILY,2020-07-28,0.5,2020,7,28,3
F022.TPM.TIN.D001.NO.Z.D,Tasa de Política Monetaria,DAILY,2020-07-29,0.5,2020,7,29,3
F022.TPM.TIN.D001.NO.Z.D,Tasa de Política Monetaria,DAILY,2020-07-30,0.5,2020,7,30,3
F022.TPM.TIN.D001.NO.Z.D,Tasa de Política Monetaria,DAILY,2020-07-31,0.5,2020,7,31,3
F022.TPM.TIN.D001.NO.Z.D,Tasa de Política Monetaria,DAILY,2020-08-03,0.5,2020,8,3,3
F022.TPM.TIN.D001.NO.Z.D,Tasa de Política Monetaria,DAILY,2020-08-04,0.5,2020,8,4,3
F022.TPM.TIN.D001.NO.Z.D,Tasa de Política Monetaria,DAILY,2020-08-05,0.5,2020,8,5,3
F022.TPM.TIN.D001.NO.Z.D,Tasa de Política Monetaria,DAILY,2020-08-06,0.5,2020,8,6,3
F022.TPM.TIN.D001.NO.Z.D,Tasa de Política Monetaria,DAILY,2020-08-07,0.5,2020,8,7,3
F022.TPM.TIN.D001.NO.Z.D,Tasa de Política Monetaria,DAILY,2020-08-10,0.5,2020,8,10,3
F022.TPM.TIN.D001.NO.Z.D,Tasa de Política Monetaria,DAILY,2020-08-11,0.5,2020,8,11,3
F022.TPM.TIN.D001.NO.Z.D,Tasa de Política Monetaria,DAILY,2020-08-12,0.5,2020,8,12,3
F022.TPM.TIN.D001.NO.Z.D,Tasa de Política Monetaria,DAILY,2020-08-13,0.5,2020,8,13,3
F022.TPM.TIN.D001.NO.Z.D,Tasa de Política Monetaria,DAILY,2020-08-14,0.5,2020,8,14,3
F022.TPM.TIN.D001.NO.Z.D,Tasa de Política Monetaria,DAILY,2020-08-17,0.5,2020,8,17,3
F022.TPM.TIN.D001.NO.Z.D,Tasa de Política Monetaria,DAILY,2020-08-18,0.5,2020,8,18,3
F022.TPM.TIN.D001.NO.Z.D,Tasa de Política Monetaria,DAILY,2020-08-19,0.5,2020,8,19,3
F022.TPM.TIN.D001.NO.Z.D,Tasa de Política Monetaria,DAILY,2020-08-20,0.5,2020,8,20,3
F022.TPM.TIN.D001.NO.Z.D,Tasa de Política Monetaria,DAILY,2020-08-21,0.5,2020,8,21,3
F022.TPM.TIN.D001.NO.Z.D,Tasa de Política Monetaria,DAILY,2020-08-24,0.5,2020,8,24,3
F022.TPM.TIN.D001.NO.Z.D,Tasa de Política Monetaria,DAILY,2020-08-25,0.5,2020,8,25,3
F022.TPM.TIN.D001.NO.Z.D,Tasa de Política Monetaria,DAILY,2020-08-26,0.5,2020,8,26,3
F022.TPM.TIN.D001.NO.Z.D,Tasa de Política Monetaria,DAILY,2020-08-27,0.5,2020,8,27,3
F022.TPM.TIN.D001.NO.Z.D,Tasa de Política Monetaria,DAILY,2020-08-28,0.5,2020,8,28,3
F022.TPM.TIN.D001.NO.Z.D,Tasa de Política Monetaria,DAILY,2020-08-31,0.5,2020,8,31,3
F022.TPM.TIN.D001.NO.Z.D,Tasa de Política Monetaria,DAILY,2020-09-01,0.5,2020,9,1,3
F022.TPM.TIN.D001.NO.Z.D,Tasa de Política Monetaria,DAILY,2020-09-02,0.5,2020,9,2,3
F022.TPM.TIN.D001.NO.Z.D,Tasa de Política Monetaria,DAILY,2020-09-03,0.5,2020,9,3,3
F022.TPM.TIN.D001.NO.Z.D,Tasa de Política Monetaria,DAILY,2020-09-04,0.5,2020,9,4,3
F022.TPM.TIN.D001.NO.Z.D,Tasa de Política Monetaria,DAILY,2020-09-07,0.5,2020,9,7,3
F022.TPM.TIN.D001.NO.Z.D,Tasa de Política Monetaria,DAILY,2020-09-08,0.5,2020,9,8,3
F022.TPM.TIN.D001.NO.Z.D,Tasa de Política Monetaria,DAILY,2020-09-09,0.5,2020,9,9,3
F022.TPM.TIN.D001.NO.Z.D,Tasa de Política Monetaria,DAILY,2020-09-10,0.5,2020,9,10,3
F022.TPM.TIN.D001.NO.Z.D,Tasa de Política Monetaria,DAILY,2020-09-11,0.5,2020,9,11,3
F022.TPM.TIN.D001.NO.Z.D,Tasa de Política Monetaria,DAILY,2020-09-14,0.5,2020,9,14,3
F022.TPM.TIN.D001.NO.Z.D,Tasa de Política Monetaria,DAILY,2020-09-15,0.5,2020,9,15,3
F022.TPM.TIN.D001.NO.Z.D,Tasa de Política Monetaria,DAILY,2020-09-16,0.5,2020,9,16,3
F022.TPM.TIN.D001.NO.Z.D,Tasa de Política Monetaria,DAILY,2020-09-17,0.5,2020,9,17,3
F022.TPM.TIN.D001.NO.Z.D,Tasa de Política Monetaria,DAILY,2020-09-21,0.5,2020,9,21,3
F022.TPM.TIN.D001.NO.Z.D,Tasa de Política Monetaria,DAILY,2020-09-22,0.5,2020,9,22,3
F022.TPM.TIN.D001.NO.Z.D,Tasa de Política Monetaria,DAILY,2020-09-23,0.5,2020,9,23,3
F022.TPM.TIN.D001.NO.Z.D,Tasa de Política Monetaria,DAILY,2020-09-24,0.5,2020,9,24,3
F022.TPM.TIN.D001.NO.Z.D,Tasa de Política Monetaria,DAILY,2020-09-25,0.5,2020,9,25,3
F022.TPM.TIN.D001.NO.Z.D,Tasa de Política Monetaria,DAILY,2020-09-28,0.5,2020,9,28,3
F022.TPM.TIN.D001.NO.Z.D,Tasa de Política Monetaria,DAILY,2020-09-29,0.5,2020,9,29,3
F022.TPM.TIN.D001.NO.Z.D,Tasa de Política Monetaria,DAILY,2020-09-30,0.5,2020,9,30,3
F022.TPM.TIN.D001.NO.Z.D,Tasa de Política Monetaria,DAILY,2020-10-01,0.5,2020,10,1,4
F022.TPM.TIN.D001.NO.Z.D,Tasa de Política Monetaria,DAILY,2020-10-02,0.5,2020,10,2,4
F022.TPM.TIN.D001.NO.Z.D,Tasa de Política Monetaria,DAILY,2020-10-05,0.5,2020,10,5,4
F022.TPM.TIN.D001.NO.Z.D,Tasa de Política Monetaria,DAILY,2020-10-06,0.5,2020,10,6,4
F022.TPM.TIN.D001.NO.Z.D,Tasa de Política Monetaria,DAILY,2020-10-07,0.5,2020,10,7,4
F022.TPM.TIN.D001.NO.Z.D,Tasa de Política Monetaria,DAILY,2020-10-08,0.5,2020,10,8,4
F022.TPM.TIN.D001.NO.Z.D,Tasa de Política Monetaria,DAILY,2020-10-09,0.5,2020,10,9,4
F022.TPM.TIN.D001.NO.Z.D,Tasa de Política Monetaria,DAILY,2020-10-13,0.5,2020,10,13,4
F022.TPM.TIN.D001.NO.Z.D,Tasa de Política Monetaria,DAILY,2020-10-14,0.5,2020,10,14,4
F022.TPM.TIN.D001.NO.Z.D,Tasa de Política Monetaria,DAILY,2020-10-15,0.5,2020,10,15,4
F022.TPM.TIN.D001.NO.Z.D,Tasa de Política Monetaria,DAILY,2020-10-16,0.5,2020,10,16,4
F022.TPM.TIN.D001.NO.Z.D,Tasa de Política Monetaria,DAILY,2020-10-19,0.5,2020,10,19,4
F022.TPM.TIN.D001.NO.Z.D,Tasa de Política Monetaria,DAILY,2020-10-20,0.5,2020,10,20,4
F022.TPM.TIN.D001.NO.Z.D,Tasa de Política Monetaria,DAILY,2020-10-21,0.5,2020,10,21,4
F022.TPM.TIN.D001.NO.Z.D,Tasa de Política Monetaria,DAILY,2020-10-22,0.5,2020,10,22,4
F022.TPM.TIN.D001.NO.Z.D,Tasa de Política Monetaria,DAILY,2020-10-23,0.5,2020,10,23,4
F022.TPM.TIN.D001.NO.Z.D,Tasa de Política Monetaria,DAILY,2020-10-26,0.5,2020,10,26,4
F022.TPM.TIN.D001.NO.Z.D,Tasa de Política Monetaria,DAILY,2020-10-27,0.5,2020,10,27,4
F022.TPM.TIN.D001.NO.Z.D,Tasa de Política Monetaria,DAILY,2020-10-28,0.5,2020,10,28,4
F022.TPM.TIN.D001.NO.Z.D,Tasa de Política Monetaria,DAILY,2020-10-29,0.5,2020,10,29,4
F022.TPM.TIN.D001.NO.Z.D,Tasa de Política Monetaria,DAILY,2020-10-30,0.5,2020,10,30,4
F022.TPM.TIN.D001.NO.Z.D,Tasa de Política Monetaria,DAILY,2020-11-02,0.5,2020,11,2,4
F022.TPM.TIN.D001.NO.Z.D,Tasa de Política Monetaria,DAILY,2020-11-03,0.5,2020,11,3,4
F022.TPM.TIN.D001.NO.Z.D,Tasa de Política Monetaria,DAILY,2020-11-04,0.5,2020,11,4,4
F022.TPM.TIN.D001.NO.Z.D,Tasa de Política Monetaria,DAILY,2020-11-05,0.5,2020,11,5,4
F022.TPM.TIN.D001.NO.Z.D,Tasa de Política Monetaria,DAILY,2020-11-06,0.5,2020,11,6,4
F022.TPM.TIN.D001.NO.Z.D,Tasa de Política Monetaria,DAILY,2020-11-09,0.5,2020,11,9,4
F022.TPM.TIN.D001.NO.Z.D,Tasa de Política Monetaria,DAILY,2020-11-10,0.5,2020,11,10,4
F022.TPM.TIN.D001.NO.Z.D,Tasa de Política Monetaria,DAILY,2020-11-11,0.5,2020,11,11,4
F022.TPM.TIN.D001.NO.Z.D,Tasa de Política Monetaria,DAILY,2020-11-12,0.5,2020,11,12,4
F022.TPM.TIN.D001.NO.Z.D,Tasa de Política Monetaria,DAILY,2020-11-13,0.5,2020,11,13,4
F022.TPM.TIN.D001.NO.Z.D,Tasa de Política Monetaria,DAILY,2020-11-16,0.5,2020,11,16,4
F022.TPM.TIN.D001.NO.Z.D,Tasa de Política Monetaria,DAILY,2020-11-17,0.5,2020,11,17,4
F022.TPM.TIN.D001.NO.Z.D,Tasa de Política Monetaria,DAILY,2020-11-18,0.5,2020,11,18,4
F022.TPM.TIN.D001.NO.Z.D,Tasa de Política Monetaria,DAILY,2020-11-19,0.5,2020,11,19,4
F022.TPM.TIN.D001.NO.Z.D,Tasa de Política Monetaria,DAILY,2020-11-20,0.5,2020,11,20,4
F022.TPM.TIN.D001.NO.Z.D,Tasa de Política Monetaria,DAILY,2020-11-23,0.5,2020,11,23,4
F022.TPM.TIN.D001.NO.Z.D,Tasa de Política Monetaria,DAILY,2020-11-24,0.5,2020,11,24,4
F022.TPM.TIN.D001.NO.Z.D,Tasa de Política Monetaria,DAILY,2020-11-25,0.5,2020,11,25,4
F022.TPM.TIN.D001.NO.Z.D,Tasa de Política Monetaria,DAILY,2020-11-26,0.5,2020,11,26,4
F022.TPM.TIN.D001.NO.Z.D,Tasa de Política Monetaria,DAILY,2020-11-27,0.5,2020,11,27,4
F022.TPM.TIN.D001.NO.Z.D,Tasa de Política Monetaria,DAILY,2020-11-30,0.5,2020,11,30,4
F022.TPM.TIN.D001.NO.Z.D,Tasa de Política Monetaria,DAILY,2020-12-01,0.5,2020,12,1,4
F022.TPM.TIN.D001.NO.Z.D,Tasa de Política Monetaria,DAILY,2020-12-02,0.5,2020,12,2,4
F022.TPM.TIN.D001.NO.Z.D,Tasa de Política Monetaria,DAILY,2020-12-03,0.5,2020,12,3,4
F022.TPM.TIN.D001.NO.Z.D,Tasa de Política Monetaria,DAILY,2020-12-04,0.5,2020,12,4,4
F022.TPM.TIN.D001.NO.Z.D,Tasa de Política Monetaria,DAILY,2020-12-07,0.5,2020,12,7,4
F022.TPM.TIN.D001.NO.Z.D,Tasa de Política Monetaria,DAILY,2020-12-09,0.5,2020,12,9,4
F022.TPM.TIN.D001.NO.Z.D,Tasa de Política Monetaria,DAILY,2020-12-10,0.5,2020,12,10,4
F022.TPM.TIN.D001.NO.Z.D,Tasa de Política Monetaria,DAILY,2020-12-11,0.5,2020,12,11,4
F022.TPM.TIN.D001.NO.Z.D,Tasa de Política Monetaria,DAILY,2020-12-14,0.5,2020,12,14,4
F022.TPM.TIN.D001.NO.Z.D,Tasa de Política Monetaria,DAILY,2020-12-15,0.5,2020,12,15,4
F022.TPM.TIN.D001.NO.Z.D,Tasa de Política Monetaria,DAILY,2020-12-16,0.5,2020,12,16,4
F022.TPM.TIN.D001.NO.Z.D,Tasa de Política Monetaria,DAILY,2020-12-17,0.5,2020,12,17,4
F022.TPM.TIN.D001.NO.Z.D,Tasa de Política Monetaria,DAILY,2020-12-18,0.5,2020,12,18,4
F022.TPM.TIN.D001.NO.Z.D,Tasa de Política Monetaria,DAILY,2020-12-21,0.5,2020,12,21,4
F022.TPM.TIN.D001.NO.Z.D,Tasa de Política Monetaria,DAILY,2020-12-22,0.5,2020,12,22,4
F022.TPM.TIN.D001.NO.Z.D,Tasa de Política Monetaria,DAILY,2020-12-23,0.5,2020,12,23,4
F022.TPM.TIN.D001.NO.Z.D,Tasa de Política Monetaria,DAILY,2020-12-24,0.5,2020,12,24,4
F022.TPM.TIN.D001.NO.Z.D,Tasa de Política Monetaria,DAILY,2020-12-28,0.5,2020,12,28,4
F022.TPM.TIN.D001.NO.Z.D,Tasa de Política Monetaria,DAILY,2020-12-29,0.5,2020,12,29,4
F022.TPM.TIN.D001.NO.Z.D,Tasa de Política Monetaria,DAILY,2020-12-30,0.5,2020,12,30,4
F022.TPM.TIN.D001.NO.Z.D,Tasa de Política Monetaria,DAILY,2021-01-04,0.5,2021,1,4,1
F022.TPM.TIN.D001.NO.Z.D,Tasa de Política Monetaria,DAILY,2021-01-05,0.5,2021,1,5,1
F022.TPM.TIN.D001.NO.Z.D,Tasa de Política Monetaria,DAILY,2021-01-06,0.5,2021,1,6,1
F022.TPM.TIN.D001.NO.Z.D,Tasa de Política Monetaria,DAILY,2021-01-07,0.5,2021,1,7,1
F022.TPM.TIN.D001.NO.Z.D,Tasa de Política Monetaria,DAILY,2021-01-08,0.5,2021,1,8,1
F022.TPM.TIN.D001.NO.Z.D,Tasa de Política Monetaria,DAILY,2021-01-11,0.5,2021,1,11,1
F022.TPM.TIN.D001.NO.Z.D,Tasa de Política Monetaria,DAILY,2021-01-12,0.5,2021,1,12,1
F022.TPM.TIN.D001.NO.Z.D,Tasa de Política Monetaria,DAILY,2021-01-13,0.5,2021,1,13,1
F022.TPM.TIN.D001.NO.Z.D,Tasa de Política Monetaria,DAILY,2021-01-14,0.5,2021,1,14,1
F022.TPM.TIN.D001.NO.Z.D,Tasa de Política Monetaria,DAILY,2021-01-15,0.5,2021,1,15,1
F022.TPM.TIN.D001.NO.Z.D,Tasa de Política Monetaria,DAILY,2021-01-18,0.5,2021,1,18,1
F022.TPM.TIN.D001.NO.Z.D,Tasa de Política Monetaria,DAILY,2021-01-19,0.5,2021,1,19,1
F022.TPM.TIN.D001.NO.Z.D,Tasa de Política Monetaria,DAILY,2021-01-20,0.5,2021,1,20,1
F022.TPM.TIN.D001.NO.Z.D,Tasa de Política Monetaria,DAILY,2021-01-21,0.5,2021,1,21,1
F022.TPM.TIN.D001.NO.Z.D,Tasa de Política Monetaria,DAILY,2021-01-22,0.5,2021,1,22,1
F022.TPM.TIN.D001.NO.Z.D,Tasa de Política Monetaria,DAILY,2021-01-25,0.5,2021,1,25,1
F022.TPM.TIN.D001.NO.Z.D,Tasa de Política Monetaria,DAILY,2021-01-26,0.5,2021,1,26,1
F022.TPM.TIN.D001.NO.Z.D,Tasa de Política Monetaria,DAILY,2021-01-27,0.5,2021,1,27,1
F022.TPM.TIN.D001.NO.Z.D,Tasa de Política Monetaria,DAILY,2021-01-28,0.5,2021,1,28,1
F022.TPM.TIN.D001.NO.Z.D,Tasa de Política Monetaria,DAILY,2021-01-29,0.5,2021,1,29,1
F022.TPM.TIN.D001.NO.Z.D,Tasa de Política Monetaria,DAILY,2021-02-01,0.5,2021,2,1,1
F022.TPM.TIN.D001.NO.Z.D,Tasa de Política Monetaria,DAILY,2021-02-02,0.5,2021,2,2,1
F022.TPM.TIN.D001.NO.Z.D,Tasa de Política Monetaria,DAILY,2021-02-03,0.5,2021,2,3,1
F022.TPM.TIN.D001.NO.Z.D,Tasa de Política Monetaria,DAILY,2021-02-04,0.5,2021,2,4,1
F022.TPM.TIN.D001.NO.Z.D,Tasa de Política Monetaria,DAILY,2021-02-05,0.5,2021,2,5,1
F022.TPM.TIN.D001.NO.Z.D,Tasa de Política Monetaria,DAILY,2021-02-08,0.5,2021,2,8,1
F022.TPM.TIN.D001.NO.Z.D,Tasa de Política Monetaria,DAILY,2021-02-09,0.5,2021,2,9,1
F022.TPM.TIN.D001.NO.Z.D,Tasa de Política Monetaria,DAILY,2021-02-10,0.5,2021,2,10,1
F022.TPM.TIN.D001.NO.Z.D,Tasa de Política Monetaria,DAILY,2021-02-11,0.5,2021,2,11,1
F022.TPM.TIN.D001.NO.Z.D,Tasa de Política Monetaria,DAILY,2021-02-12,0.5,2021,2,12,1
F022.TPM.TIN.D001.NO.Z.D,Tasa de Política Monetaria,DAILY,2021-02-15,0.5,2021,2,15,1
F022.TPM.TIN.D001.NO.Z.D,Tasa de Política Monetaria,DAILY,2021-02-16,0.5,2021,2,16,1
F022.TPM.TIN.D001.NO.Z.D,Tasa de Política Monetaria,DAILY,2021-02-17,0.5,2021,2,17,1
F022.TPM.TIN.D001.NO.Z.D,Tasa de Política Monetaria,DAILY,2021-02-18,0.5,2021,2,18,1
F022.TPM.TIN.D001.NO.Z.D,Tasa de Política Monetaria,DAILY,2021-02-19,0.5,2021,2,19,1
F022.TPM.TIN.D001.NO.Z.D,Tasa de Política Monetaria,DAILY,2021-02-22,0.5,2021,2,22,1
F022.TPM.TIN.D001.NO.Z.D,Tasa de Política Monetaria,DAILY,2021-02-23,0.5,2021,2,23,1
F022.TPM.TIN.D001.NO.Z.D,Tasa de Política Monetaria,DAILY,2021-02-24,0.5,2021,2,24,1
F022.TPM.TIN.D001.NO.Z.D,Tasa de Política Monetaria,DAILY,2021-02-25,0.5,2021,2,25,1
F022.TPM.TIN.D001.NO.Z.D,Tasa de Política Monetaria,DAILY,2021-02-26,0.5,2021,2,26,1
F022.TPM.TIN.D001.NO.Z.D,Tasa de Política Monetaria,DAILY,2021-03-01,0.5,2021,3,1,1
F022.TPM.TIN.D001.NO.Z.D,Tasa de Política Monetaria,DAILY,2021-03-02,0.5,2021,3,2,1
F022.TPM.TIN.D001.NO.Z.D,Tasa de Política Monetaria,DAILY,2021-03-03,0.5,2021,3,3,1
F022.TPM.TIN.D001.NO.Z.D,Tasa de Política Monetaria,DAILY,2021-03-04,0.5,2021,3,4,1
F022.TPM.TIN.D001.NO.Z.D,Tasa de Política Monetaria,DAILY,2021-03-05,0.5,2021,3,5,1
F022.TPM.TIN.D001.NO.Z.D,Tasa de Política Monetaria,DAILY,2021-03-08,0.5,2021,3,8,1
F022.TPM.TIN.D001.NO.Z.D,Tasa de Política Monetaria,DAILY,2021-03-09,0.5,2021,3,9,1
F022.TPM.TIN.D001.NO.Z.D,Tasa de Política Monetaria,DAILY,2021-03-10,0.5,2021,3,10,1
F022.TPM.TIN.D001.NO.Z.D,Tasa de Política Monetaria,DAILY,2021-03-11,0.5,2021,3,11,1
F022.TPM.TIN.D001.NO.Z.D,Tasa de Política Monetaria,DAILY,2021-03-12,0.5,2021,3,12,1
F022.TPM.TIN.D001.NO.Z.D,Tasa de Política Monetaria,DAILY,2021-03-15,0.5,2021,3,15,1
F022.TPM.TIN.D001.NO.Z.D,Tasa de Política Monetaria,DAILY,2021-03-16,0.5,2021,3,16,1
F022.TPM.TIN.D001.NO.Z.D,Tasa de Política Monetaria,DAILY,2021-03-17,0.5,2021,3,17,1
F022.TPM.TIN.D001.NO.Z.D,Tasa de Política Monetaria,DAILY,2021-03-18,0.5,2021,3,18,1
F022.TPM.TIN.D001.NO.Z.D,Tasa de Política Monetaria,DAILY,2021-03-19,0.5,2021,3,19,1
F022.TPM.TIN.D001.NO.Z.D,Tasa de Política Monetaria,DAILY,2021-03-22,0.5,2021,3,22,1
F022.TPM.TIN.D001.NO.Z.D,Tasa de Política Monetaria,DAILY,2021-03-23,0.5,2021,3,23,1
F022.TPM.TIN.D001.NO.Z.D,Tasa de Política Monetaria,DAILY,2021-03-24,0.5,2021,3,24,1
F022.TPM.TIN.D001.NO.Z.D,Tasa de Política Monetaria,DAILY,2021-03-25,0.5,2021,3,25,1
F022.TPM.TIN.D001.NO.Z.D,Tasa de Política Monetaria,DAILY,2021-03-26,0.5,2021,3,26,1
F022.TPM.TIN.D001.NO.Z.D,Tasa de Política Monetaria,DAILY,2021-03-29,0.5,2021,3,29,1
F022.TPM.TIN.D001.NO.Z.D,Tasa de Política Monetaria,DAILY,2021-03-30,0.5,2021,3,30,1
F022.TPM.TIN.D001.NO.Z.D,Tasa de Política Monetaria,DAILY,2021-03-31,0.5,2021,3,31,1
F022.TPM.TIN.D001.NO.Z.D,Tasa de Política Monetaria,DAILY,2021-04-01,0.5,2021,4,1,2
F022.TPM.TIN.D001.NO.Z.D,Tasa de Política Monetaria,DAILY,2021-04-05,0.5,2021,4,5,2
F022.TPM.TIN.D001.NO.Z.D,Tasa de Política Monetaria,DAILY,2021-04-06,0.5,2021,4,6,2
F022.TPM.TIN.D001.NO.Z.D,Tasa de Política Monetaria,DAILY,2021-04-07,0.5,2021,4,7,2
F022.TPM.TIN.D001.NO.Z.D,Tasa de Política Monetaria,DAILY,2021-04-08,0.5,2021,4,8,2
F022.TPM.TIN.D001.NO.Z.D,Tasa de Política Monetaria,DAILY,2021-04-09,0.5,2021,4,9,2
F022.TPM.TIN.D001.NO.Z.D,Tasa de Política Monetaria,DAILY,2021-04-12,0.5,2021,4,12,2
F022.TPM.TIN.D001.NO.Z.D,Tasa de Política Monetaria,DAILY,2021-04-13,0.5,2021,4,13,2
F022.TPM.TIN.D001.NO.Z.D,Tasa de Política Monetaria,DAILY,2021-04-14,0.5,2021,4,14,2
F022.TPM.TIN.D001.NO.Z.D,Tasa de Política Monetaria,DAILY,2021-04-15,0.5,2021,4,15,2
F022.TPM.TIN.D001.NO.Z.D,Tasa de Política Monetaria,DAILY,2021-04-16,0.5,2021,4,16,2
F022.TPM.TIN.D001.NO.Z.D,Tasa de Política Monetaria,DAILY,2021-04-19,0.5,2021,4,19,2
F022.TPM.TIN.D001.NO.Z.D,Tasa de Política Monetaria,DAILY,2021-04-20,0.5,2021,4,20,2
F022.TPM.TIN.D001.NO.Z.D,Tasa de Política Monetaria,DAILY,2021-04-21,0.5,2021,4,21,2
F022.TPM.TIN.D001.NO.Z.D,Tasa de Política Monetaria,DAILY,2021-04-22,0.5,2021,4,22,2
F022.TPM.TIN.D001.NO.Z.D,Tasa de Política Monetaria,DAILY,2021-04-23,0.5,2021,4,23,2
F022.TPM.TIN.D001.NO.Z.D,Tasa de Política Monetaria,DAILY,2021-04-26,0.5,2021,4,26,2
F022.TPM.TIN.D001.NO.Z.D,Tasa de Política Monetaria,DAILY,2021-04-27,0.5,2021,4,27,2
F022.TPM.TIN.D001.NO.Z.D,Tasa de Política Monetaria,DAILY,2021-04-28,0.5,2021,4,28,2
F022.TPM.TIN.D001.NO.Z.D,Tasa de Política Monetaria,DAILY,2021-04-29,0.5,2021,4,29,2
F022.TPM.TIN.D001.NO.Z.D,Tasa de Política Monetaria,DAILY,2021-04-30,0.5,2021,4,30,2
F022.TPM.TIN.D001.NO.Z.D,Tasa de Política Monetaria,DAILY,2021-05-03,0.5,2021,5,3,2
F022.TPM.TIN.D001.NO.Z.D,Tasa de Política Monetaria,DAILY,2021-05-04,0.5,2021,5,4,2
F022.TPM.TIN.D001.NO.Z.D,Tasa de Política Monetaria,DAILY,2021-05-05,0.5,2021,5,5,2
F022.TPM.TIN.D001.NO.Z.D,Tasa de Política Monetaria,DAILY,2021-05-06,0.5,2021,5,6,2
F022.TPM.TIN.D001.NO.Z.D,Tasa de Política Monetaria,DAILY,2021-05-07,0.5,2021,5,7,2
F022.TPM.TIN.D001.NO.Z.D,Tasa de Política Monetaria,DAILY,2021-05-10,0.5,2021,5,10,2
F022.TPM.TIN.D001.NO.Z.D,Tasa de Política Monetaria,DAILY,2021-05-11,0.5,2021,5,11,2
F022.TPM.TIN.D001.NO.Z.D,Tasa de Política Monetaria,DAILY,2021-05-12,0.5,2021,5,12,2
F022.TPM.TIN.D001.NO.Z.D,Tasa de Política Monetaria,DAILY,2021-05-13,0.5,2021,5,13,2
F022.TPM.TIN.D001.NO.Z.D,Tasa de Política Monetaria,DAILY,2021-05-14,0.5,2021,5,14,2
F022.TPM.TIN.D001.NO.Z.D,Tasa de Política Monetaria,DAILY,2021-05-17,0.5,2021,5,17,2
F022.TPM.TIN.D001.NO.Z.D,Tasa de Política Monetaria,DAILY,2021-05-18,0.5,2021,5,18,2
F022.TPM.TIN.D001.NO.Z.D,Tasa de Política Monetaria,DAILY,2021-05-19,0.5,2021,5,19,2
F022.TPM.TIN.D001.NO.Z.D,Tasa de Política Monetaria,DAILY,2021-05-20,0.5,2021,5,20,2
F022.TPM.TIN.D001.NO.Z.D,Tasa de Política Monetaria,DAILY,2021-05-24,0.5,2021,5,24,2
F022.TPM.TIN.D001.NO.Z.D,Tasa de Política Monetaria,DAILY,2021-05-25,0.5,2021,5,25,2
F022.TPM.TIN.D001.NO.Z.D,Tasa de Política Monetaria,DAILY,2021-05-26,0.5,2021,5,26,2
F022.TPM.TIN.D001.NO.Z.D,Tasa de Política Monetaria,DAILY,2021-05-27,0.5,2021,5,27,2
F022.TPM.TIN.D001.NO.Z.D,Tasa de Política Monetaria,DAILY,2021-05-28,0.5,2021,5,28,2
F022.TPM.TIN.D001.NO.Z.D,Tasa de Política Monetaria,DAILY,2021-05-31,0.5,2021,5,31,2
F022.TPM.TIN.D001.NO.Z.D,Tasa de Política Monetaria,DAILY,2021-06-01,0.5,2021,6,1,2
F022.TPM.TIN.D001.NO.Z.D,Tasa de Política Monetaria,DAILY,2021-06-02,0.5,2021,6,2,2
F022.TPM.TIN.D001.NO.Z.D,Tasa de Política Monetaria,DAILY,2021-06-03,0.5,2021,6,3,2
F022.TPM.TIN.D001.NO.Z.D,Tasa de Política Monetaria,DAILY,2021-06-04,0.5,2021,6,4,2
F022.TPM.TIN.D001.NO.Z.D,Tasa de Política Monetaria,DAILY,2021-06-07,0.5,2021,6,7,2
F022.TPM.TIN.D001.NO.Z.D,Tasa de Política Monetaria,DAILY,2021-06-08,0.5,2021,6,8,2
F022.TPM.TIN.D001.NO.Z.D,Tasa de Política Monetaria,DAILY,2021-06-09,0.5,2021,6,9,2
F022.TPM.TIN.D001.NO.Z.D,Tasa de Política Monetaria,DAILY,2021-06-10,0.5,2021,6,10,2
F022.TPM.TIN.D001.NO.Z.D,Tasa de Política Monetaria,DAILY,2021-06-11,0.5,2021,6,11,2
F022.TPM.TIN.D001.NO.Z.D,Tasa de Política Monetaria,DAILY,2021-06-14,0.5,2021,6,14,2
F022.TPM.TIN.D001.NO.Z.D,Tasa de Política Monetaria,DAILY,2021-06-15,0.5,2021,6,15,2
F022.TPM.TIN.D001.NO.Z.D,Tasa de Política Monetaria,DAILY,2021-06-16,0.5,2021,6,16,2
F022.TPM.TIN.D001.NO.Z.D,Tasa de Política Monetaria,DAILY,2021-06-17,0.5,2021,6,17,2
F022.TPM.TIN.D001.NO.Z.D,Tasa de Política Monetaria,DAILY,2021-06-18,0.5,2021,6,18,2
F022.TPM.TIN.D001.NO.Z.D,Tasa de Política Monetaria,DAILY,2021-06-22,0.5,2021,6,22,2
F022.TPM.TIN.D001.NO.Z.D,Tasa de Política Monetaria,DAILY,2021-06-23,0.5,2021,6,23,2
F022.TPM.TIN.D001.NO.Z.D,Tasa de Política Monetaria,DAILY,2021-06-24,0.5,2021,6,24,2
F022.TPM.TIN.D001.NO.Z.D,Tasa de Política Monetaria,DAILY,2021-06-25,0.5,2021,6,25,2
F022.TPM.TIN.D001.NO.Z.D,Tasa de Política Monetaria,DAILY,2021-06-29,0.5,2021,6,29,2
F022.TPM.TIN.D001.NO.Z.D,Tasa de Política Monetaria,DAILY,2021-06-30,0.5,2021,6,30,2
F022.TPM.TIN.D001.NO.Z.D,Tasa de Política Monetaria,DAILY,2021-07-01,0.5,2021,7,1,3
F022.TPM.TIN.D001.NO.Z.D,Tasa de Política Monetaria,DAILY,2021-07-02,0.5,2021,7,2,3
F022.TPM.TIN.D001.NO.Z.D,Tasa de Política Monetaria,DAILY,2021-07-05,0.5,2021,7,5,3
F022.TPM.TIN.D001.NO.Z.D,Tasa de Política Monetaria,DAILY,2021-07-06,0.5,2021,7,6,3
F022.TPM.TIN.D001.NO.Z.D,Tasa de Política Monetaria,DAILY,2021-07-07,0.5,2021,7,7,3
F022.TPM.TIN.D001.NO.Z.D,Tasa de Política Monetaria,DAILY,2021-07-08,0.5,2021,7,8,3
F022.TPM.TIN.D001.NO.Z.D,Tasa de Política Monetaria,DAILY,2021-07-09,0.5,2021,7,9,3
F022.TPM.TIN.D001.NO.Z.D,Tasa de Política Monetaria,DAILY,2021-07-12,0.5,2021,7,12,3
F022.TPM.TIN.D001.NO.Z.D,Tasa de Política Monetaria,DAILY,2021-07-13,0.5,2021,7,13,3
F022.TPM.TIN.D001.NO.Z.D,Tasa de Política Monetaria,DAILY,2021-07-14,0.5,2021,7,14,3
F022.TPM.TIN.D001.NO.Z.D,Tasa de Política Monetaria,DAILY,2021-07-15,0.75,2021,7,15,3
F022.TPM.TIN.D001.NO.Z.D,Tasa de Política Monetaria,DAILY,2021-07-19,0.75,2021,7,19,3
F022.TPM.TIN.D001.NO.Z.D,Tasa de Política Monetaria,DAILY,2021-07-20,0.75,2021,7,20,3
F022.TPM.TIN.D001.NO.Z.D,Tasa de Política Monetaria,DAILY,2021-07-21,0.75,2021,7,21,3
F022.TPM.TIN.D001.NO.Z.D,Tasa de Política Monetaria,DAILY,2021-07-22,0.75,2021,7,22,3
F022.TPM.TIN.D001.NO.Z.D,Tasa de Política Monetaria,DAILY,2021-07-23,0.75,2021,7,23,3
F022.TPM.TIN.D001.NO.Z.D,Tasa de Política Monetaria,DAILY,2021-07-26,0.75,2021,7,26,3
F022.TPM.TIN.D001.NO.Z.D,Tasa de Política Monetaria,DAILY,2021-07-27,0.75,2021,7,27,3
F022.TPM.TIN.D001.NO.Z.D,Tasa de Política Monetaria,DAILY,2021-07-28,0.75,2021,7,28,3
F022.TPM.TIN.D001.NO.Z.D,Tasa de Política Monetaria,DAILY,2021-07-29,0.75,2021,7,29,3
F022.TPM.TIN.D001.NO.Z.D,Tasa de Política Monetaria,DAILY,2021-07-30,0.75,2021,7,30,3
F022.TPM.TIN.D001.NO.Z.D,Tasa de Política Monetaria,DAILY,2021-08-02,0.75,2021,8,2,3
F022.TPM.TIN.D001.NO.Z.D,Tasa de Política Monetaria,DAILY,2021-08-03,0.75,2021,8,3,3
F022.TPM.TIN.D001.NO.Z.D,Tasa de Política Monetaria,DAILY,2021-08-04,0.75,2021,8,4,3
F022.TPM.TIN.D001.NO.Z.D,Tasa de Política Monetaria,DAILY,2021-08-05,0.75,2021,8,5,3
F022.TPM.TIN.D001.NO.Z.D,Tasa de Política Monetaria,DAILY,2021-08-06,0.75,2021,8,6,3
F022.TPM.TIN.D001.NO.Z.D,Tasa de Política Monetaria,DAILY,2021-08-09,0.75,2021,8,9,3
F022.TPM.TIN.D001.NO.Z.D,Tasa de Política Monetaria,DAILY,2021-08-10,0.75,2021,8,10,3
F022.TPM.TIN.D001.NO.Z.D,Tasa de Política Monetaria,DAILY,2021-08-11,0.75,2021,8,11,3
F022.TPM.TIN.D001.NO.Z.D,Tasa de Política Monetaria,DAILY,2021-08-12,0.75,2021,8,12,3
F022.TPM.TIN.D001.NO.Z.D,Tasa de Política Monetaria,DAILY,2021-08-13,0.75,2021,8,13,3
F022.TPM.TIN.D001.NO.Z.D,Tasa de Política Monetaria,DAILY,2021-08-16,0.75,2021,8,16,3
F022.TPM.TIN.D001.NO.Z.D,Tasa de Política Monetaria,DAILY,2021-08-17,0.75,2021,8,17,3
F022.TPM.TIN.D001.NO.Z.D,Tasa de Política Monetaria,DAILY,2021-08-18,0.75,2021,8,18,3
F022.TPM.TIN.D001.NO.Z.D,Tasa de Política Monetaria,DAILY,2021-08-19,0.75,2021,8,19,3
F022.TPM.TIN.D001.NO.Z.D,Tasa de Política Monetaria,DAILY,2021-08-20,0.75,2021,8,20,3
F022.TPM.TIN.D001.NO.Z.D,Tasa de Política Monetaria,DAILY,2021-08-23,0.75,2021,8,23,3
F022.TPM.TIN.D001.NO.Z.D,Tasa de Política Monetaria,DAILY,2021-08-24,0.75,2021,8,24,3
F022.TPM.TIN.D001.NO.Z.D,Tasa de Política Monetaria,DAILY,2021-08-25,0.75,2021,8,25,3
F022.TPM.TIN.D001.NO.Z.D,Tasa de Política Monetaria,DAILY,2021-08-26,0.75,2021,8,26,3
F022.TPM.TIN.D001.NO.Z.D,Tasa de Política Monetaria,DAILY,2021-08-27,0.75,2021,8,27,3
F022.TPM.TIN.D001.NO.Z.D,Tasa de Política Monetaria,DAILY,2021-08-30,0.75,2021,8,30,3
F022.TPM.TIN.D001.NO.Z.D,Tasa de Política Monetaria,DAILY,2021-08-31,0.75,2021,8,31,3
F022.TPM.TIN.D001.NO.Z.D,Tasa de Política Monetaria,DAILY,2021-09-01,1.5,2021,9,1,3
F022.TPM.TIN.D001.NO.Z.D,Tasa de Política Monetaria,DAILY,2021-09-02,1.5,2021,9,2,3
F022.TPM.TIN.D001.NO.Z.D,Tasa de Política Monetaria,DAILY,2021-09-03,1.5,2021,9,3,3
F022.TPM.TIN.D001.NO.Z.D,Tasa de Política Monetaria,DAILY,2021-09-06,1.5,2021,9,6,3
F022.TPM.TIN.D001.NO.Z.D,Tasa de Política Monetaria,DAILY,2021-09-07,1.5,2021,9,7,3
F022.TPM.TIN.D001.NO.Z.D,Tasa de Política Monetaria,DAILY,2021-09-08,1.5,2021,9,8,3
F022.TPM.TIN.D001.NO.Z.D,Tasa de Política Monetaria,DAILY,2021-09-09,1.5,2021,9,9,3
F022.TPM.TIN.D001.NO.Z.D,Tasa de Política Monetaria,DAILY,2021-09-10,1.5,2021,9,10,3
F022.TPM.TIN.D001.NO.Z.D,Tasa de Política Monetaria,DAILY,2021-09-13,1.5,2021,9,13,3
F022.TPM.TIN.D001.NO.Z.D,Tasa de Política Monetaria,DAILY,2021-09-14,1.5,2021,9,14,3
F022.TPM.TIN.D001.NO.Z.D,Tasa de Política Monetaria,DAILY,2021-09-15,1.5,2021,9,15,3
F022.TPM.TIN.D001.NO.Z.D,Tasa de Política Monetaria,DAILY,2021-09-16,1.5,2021,9,16,3
F022.TPM.TIN.D001.NO.Z.D,Tasa de Política Monetaria,DAILY,2021-09-20,1.5,2021,9,20,3
F022.TPM.TIN.D001.NO.Z.D,Tasa de Política Monetaria,DAILY,2021-09-21,1.5,2021,9,21,3
F022.TPM.TIN.D001.NO.Z.D,Tasa de Política Monetaria,DAILY,2021-09-22,1.5,2021,9,22,3
F022.TPM.TIN.D001.NO.Z.D,Tasa de Política Monetaria,DAILY,2021-09-23,1.5,2021,9,23,3
F022.TPM.TIN.D001.NO.Z.D,Tasa de Política Monetaria,DAILY,2021-09-24,1.5,2021,9,24,3
F022.TPM.TIN.D001.NO.Z.D,Tasa de Política Monetaria,DAILY,2021-09-27,1.5,2021,9,27,3
F022.TPM.TIN.D001.NO.Z.D,Tasa de Política Monetaria,DAILY,2021-09-28,1.5,2021,9,28,3
F022.TPM.TIN.D001.NO.Z.D,Tasa de Política Monetaria,DAILY,2021-09-29,1.5,2021,9,29,3
F022.TPM.TIN.D001.NO.Z.D,Tasa de Política Monetaria,DAILY,2021-09-30,1.5,2021,9,30,3
F022.TPM.TIN.D001.NO.Z.D,Tasa de Política Monetaria,DAILY,2021-10-01,1.5,2021,10,1,4
F022.TPM.TIN.D001.NO.Z.D,Tasa de Política Monetaria,DAILY,2021-10-04,1.5,2021,10,4,4
F022.TPM.TIN.D001.NO.Z.D,Tasa de Política Monetaria,DAILY,2021-10-05,1.5,2021,10,5,4
F022.TPM.TIN.D001.NO.Z.D,Tasa de Política Monetaria,DAILY,2021-10-06,1.5,2021,10,6,4
F022.TPM.TIN.D001.NO.Z.D,Tasa de Política Monetaria,DAILY,2021-10-07,1.5,2021,10,7,4
F022.TPM.TIN.D001.NO.Z.D,Tasa de Política Monetaria,DAILY,2021-10-08,1.5,2021,10,8,4
F022.TPM.TIN.D001.NO.Z.D,Tasa de Política Monetaria,DAILY,2021-10-12,1.5,2021,10,12,4
F022.TPM.TIN.D001.NO.Z.D,Tasa de Política Monetaria,DAILY,2021-10-13,1.5,2021,10,13,4
F022.TPM.TIN.D001.NO.Z.D,Tasa de Política Monetaria,DAILY,2021-10-14,2.75,2021,10,14,4
F022.TPM.TIN.D001.NO.Z.D,Tasa de Política Monetaria,DAILY,2021-10-15,2.75,2021,10,15,4
F022.TPM.TIN.D001.NO.Z.D,Tasa de Política Monetaria,DAILY,2021-10-18,2.75,2021,10,18,4
F022.TPM.TIN.D001.NO.Z.D,Tasa de Política Monetaria,DAILY,2021-10-19,2.75,2021,10,19,4
F022.TPM.TIN.D001.NO.Z.D,Tasa de Política Monetaria,DAILY,2021-10-20,2.75,2021,10,20,4
F022.TPM.TIN.D001.NO.Z.D,Tasa de Política Monetaria,DAILY,2021-10-21,2.75,2021,10,21,4
F022.TPM.TIN.D001.NO.Z.D,Tasa de Política Monetaria,DAILY,2021-10-22,2.75,2021,10,22,4
F022.TPM.TIN.D001.NO.Z.D,Tasa de Política Monetaria,DAILY,2021-10-25,2.75,2021,10,25,4
F022.TPM.TIN.D001.NO.Z.D,Tasa de Política Monetaria,DAILY,2021-10-26,2.75,2021,10,26,4
F022.TPM.TIN.D001.NO.Z.D,Tasa de Política Monetaria,DAILY,2021-10-27,2.75,2021,10,27,4
F022.TPM.TIN.D001.NO.Z.D,Tasa de Política Monetaria,DAILY,2021-10-28,2.75,2021,10,28,4
F022.TPM.TIN.D001.NO.Z.D,Tasa de Política Monetaria,DAILY,2021-10-29,2.75,2021,10,29,4
F022.TPM.TIN.D001.NO.Z.D,Tasa de Política Monetaria,DAILY,2021-11-02,2.75,2021,11,2,4
F022.TPM.TIN.D001.NO.Z.D,Tasa de Política Monetaria,DAILY,2021-11-03,2.75,2021,11,3,4
F022.TPM.TIN.D001.NO.Z.D,Tasa de Política Monetaria,DAILY,2021-11-04,2.75,2021,11,4,4
F022.TPM.TIN.D001.NO.Z.D,Tasa de Política Monetaria,DAILY,2021-11-05,2.75,2021,11,5,4
F022.TPM.TIN.D001.NO.Z.D,Tasa de Política Monetaria,DAILY,2021-11-08,2.75,2021,11,8,4
F022.TPM.TIN.D001.NO.Z.D,Tasa de Política Monetaria,DAILY,2021-11-09,2.75,2021,11,9,4
F022.TPM.TIN.D001.NO.Z.D,Tasa de Política Monetaria,DAILY,2021-11-10,2.75,2021,11,10,4
F022.TPM.TIN.D001.NO.Z.D,Tasa de Política Monetaria,DAILY,2021-11-11,2.75,2021,11,11,4
F022.TPM.TIN.D001.NO.Z.D,Tasa de Política Monetaria,DAILY,2021-11-12,2.75,2021,11,12,4
F022.TPM.TIN.D001.NO.Z.D,Tasa de Política Monetaria,DAILY,2021-11-15,2.75,2021,11,15,4
F022.TPM.TIN.D001.NO.Z.D,Tasa de Política Monetaria,DAILY,2021-11-16,2.75,2021,11,16,4
F022.TPM.TIN.D001.NO.Z.D,Tasa de Política Monetaria,DAILY,2021-11-17,2.75,2021,11,17,4
F022.TPM.TIN.D001.NO.Z.D,Tasa de Política Monetaria,DAILY,2021-11-18,2.75,2021,11,18,4
F022.TPM.TIN.D001.NO.Z.D,Tasa de Política Monetaria,DAILY,2021-11-19,2.75,2021,11,19,4
F022.TPM.TIN.D001.NO.Z.D,Tasa de Política Monetaria,DAILY,2021-11-22,2.75,2021,11,22,4
F022.TPM.TIN.D001.NO.Z.D,Tasa de Política Monetaria,DAILY,2021-11-23,2.75,2021,11,23,4
F022.TPM.TIN.D001.NO.Z.D,Tasa de Política Monetaria,DAILY,2021-11-24,2.75,2021,11,24,4
F022.TPM.TIN.D001.NO.Z.D,Tasa de Política Monetaria,DAILY,2021-11-25,2.75,2021,11,25,4
F022.TPM.TIN.D001.NO.Z.D,Tasa de Política Monetaria,DAILY,2021-11-26,2.75,2021,11,26,4
F022.TPM.TIN.D001.NO.Z.D,Tasa de Política Monetaria,DAILY,2021-11-29,2.75,2021,11,29,4
F022.TPM.TIN.D001.NO.Z.D,Tasa de Política Monetaria,DAILY,2021-11-30,2.75,2021,11,30,4
F022.TPM.TIN.D001.NO.Z.D,Tasa de Política Monetaria,DAILY,2021-12-01,2.75,2021,12,1,4
F022.TPM.TIN.D001.NO.Z.D,Tasa de Política Monetaria,DAILY,2021-12-02,2.75,2021,12,2,4
F022.TPM.TIN.D001.NO.Z.D,Tasa de Política Monetaria,DAILY,2021-12-03,2.75,2021,12,3,4
F022.TPM.TIN.D001.NO.Z.D,Tasa de Política Monetaria,DAILY,2021-12-06,2.75,2021,12,6,4
F022.TPM.TIN.D001.NO.Z.D,Tasa de Política Monetaria,DAILY,2021-12-07,2.75,2021,12,7,4
F022.TPM.TIN.D001.NO.Z.D,Tasa de Política Monetaria,DAILY,2021-12-09,2.75,2021,12,9,4
F022.TPM.TIN.D001.NO.Z.D,Tasa de Política Monetaria,DAILY,2021-12-10,2.75,2021,12,10,4
F022.TPM.TIN.D001.NO.Z.D,Tasa de Política Monetaria,DAILY,2021-12-13,2.75,2021,12,13,4
F022.TPM.TIN.D001.NO.Z.D,Tasa de Política Monetaria,DAILY,2021-12-14,2.75,2021,12,14,4
F022.TPM.TIN.D001.NO.Z.D,Tasa de Política Monetaria,DAILY,2021-12-15,4.0,2021,12,15,4
F022.TPM.TIN.D001.NO.Z.D,Tasa de Política Monetaria,DAILY,2021-12-16,4.0,2021,12,16,4
F022.TPM.TIN.D001.NO.Z.D,Tasa de Política Monetaria,DAILY,2021-12-17,4.0,2021,12,17,4
F022.TPM.TIN.D001.NO.Z.D,Tasa de Política Monetaria,DAILY,2021-12-20,4.0,2021,12,20,4
F022.TPM.TIN.D001.NO.Z.D,Tasa de Política Monetaria,DAILY,2021-12-21,4.0,2021,12,21,4
F022.TPM.TIN.D001.NO.Z.D,Tasa de Política Monetaria,DAILY,2021-12-22,4.0,2021,12,22,4
F022.TPM.TIN.D001.NO.Z.D,Tasa de Política Monetaria,DAILY,2021-12-23,4.0,2021,12,23,4
F022.TPM.TIN.D001.NO.Z.D,Tasa de Política Monetaria,DAILY,2021-12-24,4.0,2021,12,24,4
F022.TPM.TIN.D001.NO.Z.D,Tasa de Política Monetaria,DAILY,2021-12-27,4.0,2021,12,27,4
F022.TPM.TIN.D001.NO.Z.D,Tasa de Política Monetaria,DAILY,2021-12-28,4.0,2021,12,28,4
F022.TPM.TIN.D001.NO.Z.D,Tasa de Política Monetaria,DAILY,2021-12-29,4.0,2021,12,29,4
F022.TPM.TIN.D001.NO.Z.D,Tasa de Política Monetaria,DAILY,2021-12-30,4.0,2021,12,30,4
F022.TPM.TIN.D001.NO.Z.D,Tasa de Política Monetaria,DAILY,2022-01-03,4.0,2022,1,3,1
F022.TPM.TIN.D001.NO.Z.D,Tasa de Política Monetaria,DAILY,2022-01-04,4.0,2022,1,4,1
F022.TPM.TIN.D001.NO.Z.D,Tasa de Política Monetaria,DAILY,2022-01-05,4.0,2022,1,5,1
F022.TPM.TIN.D001.NO.Z.D,Tasa de Política Monetaria,DAILY,2022-01-06,4.0,2022,1,6,1
F022.TPM.TIN.D001.NO.Z.D,Tasa de Política Monetaria,DAILY,2022-01-07,4.0,2022,1,7,1
F022.TPM.TIN.D001.NO.Z.D,Tasa de Política Monetaria,DAILY,2022-01-10,4.0,2022,1,10,1
F022.TPM.TIN.D001.NO.Z.D,Tasa de Política Monetaria,DAILY,2022-01-11,4.0,2022,1,11,1
F022.TPM.TIN.D001.NO.Z.D,Tasa de Política Monetaria,DAILY,2022-01-12,4.0,2022,1,12,1
F022.TPM.TIN.D001.NO.Z.D,Tasa de Política Monetaria,DAILY,2022-01-13,4.0,2022,1,13,1
F022.TPM.TIN.D001.NO.Z.D,Tasa de Política Monetaria,DAILY,2022-01-14,4.0,2022,1,14,1
F022.TPM.TIN.D001.NO.Z.D,Tasa de Política Monetaria,DAILY,2022-01-17,4.0,2022,1,17,1
F022.TPM.TIN.D001.NO.Z.D,Tasa de Política Monetaria,DAILY,2022-01-18,4.0,2022,1,18,1
F022.TPM.TIN.D001.NO.Z.D,Tasa de Política Monetaria,DAILY,2022-01-19,4.0,2022,1,19,1
F022.TPM.TIN.D001.NO.Z.D,Tasa de Política Monetaria,DAILY,2022-01-20,4.0,2022,1,20,1
F022.TPM.TIN.D001.NO.Z.D,Tasa de Política Monetaria,DAILY,2022-01-21,4.0,2022,1,21,1
F022.TPM.TIN.D001.NO.Z.D,Tasa de Política Monetaria,DAILY,2022-01-24,4.0,2022,1,24,1
F022.TPM.TIN.D001.NO.Z.D,Tasa de Política Monetaria,DAILY,2022-01-25,4.0,2022,1,25,1
F022.TPM.TIN.D001.NO.Z.D,Tasa de Política Monetaria,DAILY,2022-01-26,4.0,2022,1,26,1
F022.TPM.TIN.D001.NO.Z.D,Tasa de Política Monetaria,DAILY,2022-01-27,5.5,2022,1,27,1
F022.TPM.TIN.D001.NO.Z.D,Tasa de Política Monetaria,DAILY,2022-01-28,5.5,2022,1,28,1
F022.TPM.TIN.D001.NO.Z.D,Tasa de Política Monetaria,DAILY,2022-01-31,5.5,2022,1,31,1
F022.TPM.TIN.D001.NO.Z.D,Tasa de Política Monetaria,DAILY,2022-02-01,5.5,2022,2,1,1
F022.TPM.TIN.D001.NO.Z.D,Tasa de Política Monetaria,DAILY,2022-02-02,5.5,2022,2,2,1
F022.TPM.TIN.D001.NO.Z.D,Tasa de Política Monetaria,DAILY,2022-02-03,5.5,2022,2,3,1
F022.TPM.TIN.D001.NO.Z.D,Tasa de Política Monetaria,DAILY,2022-02-04,5.5,2022,2,4,1
F022.TPM.TIN.D001.NO.Z.D,Tasa de Política Monetaria,DAILY,2022-02-07,5.5,2022,2,7,1
F022.TPM.TIN.D001.NO.Z.D,Tasa de Política Monetaria,DAILY,2022-02-08,5.5,2022,2,8,1
F022.TPM.TIN.D001.NO.Z.D,Tasa de Política Monetaria,DAILY,2022-02-09,5.5,2022,2,9,1
F022.TPM.TIN.D001.NO.Z.D,Tasa de Política Monetaria,DAILY,2022-02-10,5.5,2022,2,10,1
F022.TPM.TIN.D001.NO.Z.D,Tasa de Política Monetaria,DAILY,2022-02-11,5.5,2022,2,11,1
F022.TPM.TIN.D001.NO.Z.D,Tasa de Política Monetaria,DAILY,2022-02-14,5.5,2022,2,14,1
F022.TPM.TIN.D001.NO.Z.D,Tasa de Política Monetaria,DAILY,2022-02-15,5.5,2022,2,15,1
F022.TPM.TIN.D001.NO.Z.D,Tasa de Política Monetaria,DAILY,2022-02-16,5.5,2022,2,16,1
F022.TPM.TIN.D001.NO.Z.D,Tasa de Política Monetaria,DAILY,2022-02-17,5.5,2022,2,17,1
F022.TPM.TIN.D001.NO.Z.D,Tasa de Política Monetaria,DAILY,2022-02-18,5.5,2022,2,18,1
F022.TPM.TIN.D001.NO.Z.D,Tasa de Política Monetaria,DAILY,2022-02-21,5.5,2022,2,21,1
F022.TPM.TIN.D001.NO.Z.D,Tasa de Política Monetaria,DAILY,2022-02-22,5.5,2022,2,22,1
F022.TPM.TIN.D001.NO.Z.D,Tasa de Política Monetaria,DAILY,2022-02-23,5.5,2022,2,23,1
F022.TPM.TIN.D001.NO.Z.D,Tasa de Política Monetaria,DAILY,2022-02-24,5.5,2022,2,24,1
F022.TPM.TIN.D001.NO.Z.D,Tasa de Política Monetaria,DAILY,2022-02-25,5.5,2022,2,25,1
F022.TPM.TIN.D001.NO.Z.D,Tasa de Política Monetaria,DAILY,2022-02-28,5.5,2022,2,28,1
F022.TPM.TIN.D001.NO.Z.D,Tasa de Política Monetaria,DAILY,2022-03-01,5.5,2022,3,1,1
F022.TPM.TIN.D001.NO.Z.D,Tasa de Política Monetaria,DAILY,2022-03-02,5.5,2022,3,2,1
F022.TPM.TIN.D001.NO.Z.D,Tasa de Política Monetaria,DAILY,2022-03-03,5.5,2022,3,3,1
F022.TPM.TIN.D001.NO.Z.D,Tasa de Política Monetaria,DAILY,2022-03-04,5.5,2022,3,4,1
F022.TPM.TIN.D001.NO.Z.D,Tasa de Política Monetaria,DAILY,2022-03-07,5.5,2022,3,7,1
F022.TPM.TIN.D001.NO.Z.D,Tasa de Política Monetaria,DAILY,2022-03-08,5.5,2022,3,8,1
F022.TPM.TIN.D001.NO.Z.D,Tasa de Política Monetaria,DAILY,2022-03-09,5.5,2022,3,9,1
F022.TPM.TIN.D001.NO.Z.D,Tasa de Política Monetaria,DAILY,2022-03-10,5.5,2022,3,10,1
F022.TPM.TIN.D001.NO.Z.D,Tasa de Política Monetaria,DAILY,2022-03-11,5.5,2022,3,11,1
F022.TPM.TIN.D001.NO.Z.D,Tasa de Política Monetaria,DAILY,2022-03-14,5.5,2022,3,14,1
F022.TPM.TIN.D001.NO.Z.D,Tasa de Política Monetaria,DAILY,2022-03-15,5.5,2022,3,15,1
F022.TPM.TIN.D001.NO.Z.D,Tasa de Política Monetaria,DAILY,2022-03-16,5.5,2022,3,16,1
F022.TPM.TIN.D001.NO.Z.D,Tasa de Política Monetaria,DAILY,2022-03-17,5.5,2022,3,17,1
F022.TPM.TIN.D001.NO.Z.D,Tasa de Política Monetaria,DAILY,2022-03-18,5.5,2022,3,18,1
F022.TPM.TIN.D001.NO.Z.D,Tasa de Política Monetaria,DAILY,2022-03-21,5.5,2022,3,21,1
F022.TPM.TIN.D001.NO.Z.D,Tasa de Política Monetaria,DAILY,2022-03-22,5.5,2022,3,22,1
F022.TPM.TIN.D001.NO.Z.D,Tasa de Política Monetaria,DAILY,2022-03-23,5.5,2022,3,23,1
F022.TPM.TIN.D001.NO.Z.D,Tasa de Política Monetaria,DAILY,2022-03-24,5.5,2022,3,24,1
F022.TPM.TIN.D001.NO.Z.D,Tasa de Política Monetaria,DAILY,2022-03-25,5.5,2022,3,25,1
F022.TPM.TIN.D001.NO.Z.D,Tasa de Política Monetaria,DAILY,2022-03-28,5.5,2022,3,28,1
F022.TPM.TIN.D001.NO.Z.D,Tasa de Política Monetaria,DAILY,2022-03-29,5.5,2022,3,29,1
F022.TPM.TIN.D001.NO.Z.D,Tasa de Política Monetaria,DAILY,2022-03-30,7.0,2022,3,30,1
F022.TPM.TIN.D001.NO.Z.D,Tasa de Política Monetaria,DAILY,2022-03-31,7.0,2022,3,31,1
F022.TPM.TIN.D001.NO.Z.D,Tasa de Política Monetaria,DAILY,2022-04-01,7.0,2022,4,1,2
F022.TPM.TIN.D001.NO.Z.D,Tasa de Política Monetaria,DAILY,2022-04-04,7.0,2022,4,4,2
F022.TPM.TIN.D001.NO.Z.D,Tasa de Política Monetaria,DAILY,2022-04-05,7.0,2022,4,5,2
F022.TPM.TIN.D001.NO.Z.D,Tasa de Política Monetaria,DAILY,2022-04-06,7.0,2022,4,6,2
F022.TPM.TIN.D001.NO.Z.D,Tasa de Política Monetaria,DAILY,2022-04-07,7.0,2022,4,7,2
F022.TPM.TIN.D001.NO.Z.D,Tasa de Política Monetaria,DAILY,2022-04-08,7.0,2022,4,8,2
F022.TPM.TIN.D001.NO.Z.D,Tasa de Política Monetaria,DAILY,2022-04-11,7.0,2022,4,11,2
F022.TPM.TIN.D001.NO.Z.D,Tasa de Política Monetaria,DAILY,2022-04-12,7.0,2022,4,12,2
F022.TPM.TIN.D001.NO.Z.D,Tasa de Política Monetaria,DAILY,2022-04-13,7.0,2022,4,13,2
F022.TPM.TIN.D001.NO.Z.D,Tasa de Política Monetaria,DAILY,2022-04-14,7.0,2022,4,14,2
F022.TPM.TIN.D001.NO.Z.D,Tasa de Política Monetaria,DAILY,2022-04-18,7.0,2022,4,18,2
F022.TPM.TIN.D001.NO.Z.D,Tasa de Política Monetaria,DAILY,2022-04-19,7.0,2022,4,19,2
F022.TPM.TIN.D001.NO.Z.D,Tasa de Política Monetaria,DAILY,2022-04-20,7.0,2022,4,20,2
F022.TPM.TIN.D001.NO.Z.D,Tasa de Política Monetaria,DAILY,2022-04-21,7.0,2022,4,21,2
F022.TPM.TIN.D001.NO.Z.D,Tasa de Política Monetaria,DAILY,2022-04-22,7.0,2022,4,22,2
F022.TPM.TIN.D001.NO.Z.D,Tasa de Política Monetaria,DAILY,2022-04-25,7.0,2022,4,25,2
F022.TPM.TIN.D001.NO.Z.D,Tasa de Política Monetaria,DAILY,2022-04-26,7.0,2022,4,26,2
F022.TPM.TIN.D001.NO.Z.D,Tasa de Política Monetaria,DAILY,2022-04-27,7.0,2022,4,27,2
F022.TPM.TIN.D001.NO.Z.D,Tasa de Política Monetaria,DAILY,2022-04-28,7.0,2022,4,28,2
F022.TPM.TIN.D001.NO.Z.D,Tasa de Política Monetaria,DAILY,2022-04-29,7.0,2022,4,29,2
F022.TPM.TIN.D001.NO.Z.D,Tasa de Política Monetaria,DAILY,2022-05-02,7.0,2022,5,2,2
F022.TPM.TIN.D001.NO.Z.D,Tasa de Política Monetaria,DAILY,2022-05-03,7.0,2022,5,3,2
F022.TPM.TIN.D001.NO.Z.D,Tasa de Política Monetaria,DAILY,2022-05-04,7.0,2022,5,4,2
F022.TPM.TIN.D001.NO.Z.D,Tasa de Política Monetaria,DAILY,2022-05-05,7.0,2022,5,5,2
F022.TPM.TIN.D001.NO.Z.D,Tasa de Política Monetaria,DAILY,2022-05-06,8.25,2022,5,6,2
F022.TPM.TIN.D001.NO.Z.D,Tasa de Política Monetaria,DAILY,2022-05-09,8.25,2022,5,9,2
F022.TPM.TIN.D001.NO.Z.D,Tasa de Política Monetaria,DAILY,2022-05-10,8.25,2022,5,10,2
F022.TPM.TIN.D001.NO.Z.D,Tasa de Política Monetaria,DAILY,2022-05-11,8.25,2022,5,11,2
F022.TPM.TIN.D001.NO.Z.D,Tasa de Política Monetaria,DAILY,2022-05-12,8.25,2022,5,12,2
F022.TPM.TIN.D001.NO.Z.D,Tasa de Política Monetaria,DAILY,2022-05-13,8.25,2022,5,13,2
F022.TPM.TIN.D001.NO.Z.D,Tasa de Política Monetaria,DAILY,2022-05-16,8.25,2022,5,16,2
F022.TPM.TIN.D001.NO.Z.D,Tasa de Política Monetaria,DAILY,2022-05-17,8.25,2022,5,17,2
F022.TPM.TIN.D001.NO.Z.D,Tasa de Política Monetaria,DAILY,2022-05-18,8.25,2022,5,18,2
F022.TPM.TIN.D001.NO.Z.D,Tasa de Política Monetaria,DAILY,2022-05-19,8.25,2022,5,19,2
F022.TPM.TIN.D001.NO.Z.D,Tasa de Política Monetaria,DAILY,2022-05-20,8.25,2022,5,20,2
F022.TPM.TIN.D001.NO.Z.D,Tasa de Política Monetaria,DAILY,2022-05-23,8.25,2022,5,23,2
F022.TPM.TIN.D001.NO.Z.D,Tasa de Política Monetaria,DAILY,2022-05-24,8.25,2022,5,24,2
F022.TPM.TIN.D001.NO.Z.D,Tasa de Política Monetaria,DAILY,2022-05-25,8.25,2022,5,25,2
F022.TPM.TIN.D001.NO.Z.D,Tasa de Política Monetaria,DAILY,2022-05-26,8.25,2022,5,26,2
F022.TPM.TIN.D001.NO.Z.D,Tasa de Política Monetaria,DAILY,2022-05-27,8.25,2022,5,27,2
F022.TPM.TIN.D001.NO.Z.D,Tasa de Política Monetaria,DAILY,2022-05-30,8.25,2022,5,30,2
F022.TPM.TIN.D001.NO.Z.D,Tasa de Política Monetaria,DAILY,2022-05-31,8.25,2022,5,31,2
F022.TPM.TIN.D001.NO.Z.D,Tasa de Política Monetaria,DAILY,2022-06-01,8.25,2022,6,1,2
F022.TPM.TIN.D001.NO.Z.D,Tasa de Política Monetaria,DAILY,2022-06-02,8.25,2022,6,2,2
F022.TPM.TIN.D001.NO.Z.D,Tasa de Política Monetaria,DAILY,2022-06-03,8.25,2022,6,3,2
F022.TPM.TIN.D001.NO.Z.D,Tasa de Política Monetaria,DAILY,2022-06-06,8.25,2022,6,6,2
F022.TPM.TIN.D001.NO.Z.D,Tasa de Política Monetaria,DAILY,2022-06-07,8.25,2022,6,7,2
F022.TPM.TIN.D001.NO.Z.D,Tasa de Política Monetaria,DAILY,2022-06-08,9.0,2022,6,8,2
F022.TPM.TIN.D001.NO.Z.D,Tasa de Política Monetaria,DAILY,2022-06-09,9.0,2022,6,9,2
F022.TPM.TIN.D001.NO.Z.D,Tasa de Política Monetaria,DAILY,2022-06-10,9.0,2022,6,10,2
F022.TPM.TIN.D001.NO.Z.D,Tasa de Política Monetaria,DAILY,2022-06-13,9.0,2022,6,13,2
F022.TPM.TIN.D001.NO.Z.D,Tasa de Política Monetaria,DAILY,2022-06-14,9.0,2022,6,14,2
F022.TPM.TIN.D001.NO.Z.D,Tasa de Política Monetaria,DAILY,2022-06-15,9.0,2022,6,15,2
F022.TPM.TIN.D001.NO.Z.D,Tasa de Política Monetaria,DAILY,2022-06-16,9.0,2022,6,16,2
F022.TPM.TIN.D001.NO.Z.D,Tasa de Política Monetaria,DAILY,2022-06-17,9.0,2022,6,17,2
F022.TPM.TIN.D001.NO.Z.D,Tasa de Política Monetaria,DAILY,2022-06-20,9.0,2022,6,20,2
F022.TPM.TIN.D001.NO.Z.D,Tasa de Política Monetaria,DAILY,2022-06-22,9.0,2022,6,22,2
F022.TPM.TIN.D001.NO.Z.D,Tasa de Política Monetaria,DAILY,2022-06-23,9.0,2022,6,23,2
F022.TPM.TIN.D001.NO.Z.D,Tasa de Política Monetaria,DAILY,2022-06-24,9.0,2022,6,24,2
F022.TPM.TIN.D001.NO.Z.D,Tasa de Política Monetaria,DAILY,2022-06-28,9.0,2022,6,28,2
F022.TPM.TIN.D001.NO.Z.D,Tasa de Política Monetaria,DAILY,2022-06-29,9.0,2022,6,29,2
F022.TPM.TIN.D001.NO.Z.D,Tasa de Política Monetaria,DAILY,2022-06-30,9.0,2022,6,30,2
F022.TPM.TIN.D001.NO.Z.D,Tasa de Política Monetaria,DAILY,2022-07-01,9.0,2022,7,1,3
F022.TPM.TIN.D001.NO.Z.D,Tasa de Política Monetaria,DAILY,2022-07-04,9.0,2022,7,4,3
F022.TPM.TIN.D001.NO.Z.D,Tasa de Política Monetaria,DAILY,2022-07-05,9.0,2022,7,5,3
F022.TPM.TIN.D001.NO.Z.D,Tasa de Política Monetaria,DAILY,2022-07-06,9.0,2022,7,6,3
F022.TPM.TIN.D001.NO.Z.D,Tasa de Política Monetaria,DAILY,2022-07-07,9.0,2022,7,7,3
F022.TPM.TIN.D001.NO.Z.D,Tasa de Política Monetaria,DAILY,2022-07-08,9.0,2022,7,8,3
F022.TPM.TIN.D001.NO.Z.D,Tasa de Política Monetaria,DAILY,2022-07-11,9.0,2022,7,11,3
F022.TPM.TIN.D001.NO.Z.D,Tasa de Política Monetaria,DAILY,2022-07-12,9.0,2022,7,12,3
F022.TPM.TIN.D001.NO.Z.D,Tasa de Política Monetaria,DAILY,2022-07-13,9.0,2022,7,13,3
F022.TPM.TIN.D001.NO.Z.D,Tasa de Política Monetaria,DAILY,2022-07-14,9.75,2022,7,14,3
F022.TPM.TIN.D001.NO.Z.D,Tasa de Política Monetaria,DAILY,2022-07-15,9.75,2022,7,15,3
F022.TPM.TIN.D001.NO.Z.D,Tasa de Política Monetaria,DAILY,2022-07-18,9.75,2022,7,18,3
F022.TPM.TIN.D001.NO.Z.D,Tasa de Política Monetaria,DAILY,2022-07-19,9.75,2022,7,19,3
F022.TPM.TIN.D001.NO.Z.D,Tasa de Política Monetaria,DAILY,2022-07-20,9.75,2022,7,20,3
F022.TPM.TIN.D001.NO.Z.D,Tasa de Política Monetaria,DAILY,2022-07-21,9.75,2022,7,21,3
F022.TPM.TIN.D001.NO.Z.D,Tasa de Política Monetaria,DAILY,2022-07-22,9.75,2022,7,22,3
F022.TPM.TIN.D001.NO.Z.D,Tasa de Política Monetaria,DAILY,2022-07-25,9.75,2022,7,25,3
F022.TPM.TIN.D001.NO.Z.D,Tasa de Política Monetaria,DAILY,2022-07-26,9.75,2022,7,26,3
F022.TPM.TIN.D001.NO.Z.D,Tasa de Política Monetaria,DAILY,2022-07-27,9.75,2022,7,27,3
F022.TPM.TIN.D001.NO.Z.D,Tasa de Política Monetaria,DAILY,2022-07-28,9.75,2022,7,28,3
F022.TPM.TIN.D001.NO.Z.D,Tasa de Política Monetaria,DAILY,2022-07-29,9.75,2022,7,29,3
F022.TPM.TIN.D001.NO.Z.D,Tasa de Política Monetaria,DAILY,2022-08-01,9.75,2022,8,1,3
F022.TPM.TIN.D001.NO.Z.D,Tasa de Política Monetaria,DAILY,2022-08-02,9.75,2022,8,2,3
F022.TPM.TIN.D001.NO.Z.D,Tasa de Política Monetaria,DAILY,2022-08-03,9.75,2022,8,3,3
F022.TPM.TIN.D001.NO.Z.D,Tasa de Política Monetaria,DAILY,2022-08-04,9.75,2022,8,4,3
F022.TPM.TIN.D001.NO.Z.D,Tasa de Política Monetaria,DAILY,2022-08-05,9.75,2022,8,5,3
F022.TPM.TIN.D001.NO.Z.D,Tasa de Política Monetaria,DAILY,2022-08-08,9.75,2022,8,8,3
F022.TPM.TIN.D001.NO.Z.D,Tasa de Política Monetaria,DAILY,2022-08-09,9.75,2022,8,9,3
F022.TPM.TIN.D001.NO.Z.D,Tasa de Política Monetaria,DAILY,2022-08-10,9.75,2022,8,10,3
F022.TPM.TIN.D001.NO.Z.D,Tasa de Política Monetaria,DAILY,2022-08-11,9.75,2022,8,11,3
F022.TPM.TIN.D001.NO.Z.D,Tasa de Política Monetaria,DAILY,2022-08-12,9.75,2022,8,12,3
F022.TPM.TIN.D001.NO.Z.D,Tasa de Política Monetaria,DAILY,2022-08-16,9.75,2022,8,16,3
F022.TPM.TIN.D001.NO.Z.D,Tasa de Política Monetaria,DAILY,2022-08-17,9.75,2022,8,17,3
F022.TPM.TIN.D001.NO.Z.D,Tasa de Política Monetaria,DAILY,2022-08-18,9.75,2022,8,18,3
F022.TPM.TIN.D001.NO.Z.D,Tasa de Política Monetaria,DAILY,2022-08-19,9.75,2022,8,19,3
F022.TPM.TIN.D001.NO.Z.D,Tasa de Política Monetaria,DAILY,2022-08-22,9.75,2022,8,22,3
F022.TPM.TIN.D001.NO.Z.D,Tasa de Política Monetaria,DAILY,2022-08-23,9.75,2022,8,23,3
F022.TPM.TIN.D001.NO.Z.D,Tasa de Política Monetaria,DAILY,2022-08-24,9.75,2022,8,24,3
F022.TPM.TIN.D001.NO.Z.D,Tasa de Política Monetaria,DAILY,2022-08-25,9.75,2022,8,25,3
F022.TPM.TIN.D001.NO.Z.D,Tasa de Política Monetaria,DAILY,2022-08-26,9.75,2022,8,26,3
F022.TPM.TIN.D001.NO.Z.D,Tasa de Política Monetaria,DAILY,2022-08-29,9.75,2022,8,29,3
F022.TPM.TIN.D001.NO.Z.D,Tasa de Política Monetaria,DAILY,2022-08-30,9.75,2022,8,30,3
F022.TPM.TIN.D001.NO.Z.D,Tasa de Política Monetaria,DAILY,2022-08-31,9.75,2022,8,31,3
F022.TPM.TIN.D001.NO.Z.D,Tasa de Política Monetaria,DAILY,2022-09-01,9.75,2022,9,1,3
F022.TPM.TIN.D001.NO.Z.D,Tasa de Política Monetaria,DAILY,2022-09-02,9.75,2022,9,2,3
F022.TPM.TIN.D001.NO.Z.D,Tasa de Política Monetaria,DAILY,2022-09-05,9.75,2022,9,5,3
F022.TPM.TIN.D001.NO.Z.D,Tasa de Política Monetaria,DAILY,2022-09-06,9.75,2022,9,6,3
F022.TPM.TIN.D001.NO.Z.D,Tasa de Política Monetaria,DAILY,2022-09-07,10.75,2022,9,7,3
F022.TPM.TIN.D001.NO.Z.D,Tasa de Política Monetaria,DAILY,2022-09-08,10.75,2022,9,8,3
F022.TPM.TIN.D001.NO.Z.D,Tasa de Política Monetaria,DAILY,2022-09-09,10.75,2022,9,9,3
F022.TPM.TIN.D001.NO.Z.D,Tasa de Política Monetaria,DAILY,2022-09-12,10.75,2022,9,12,3
F022.TPM.TIN.D001.NO.Z.D,Tasa de Política Monetaria,DAILY,2022-09-13,10.75,2022,9,13,3
F022.TPM.TIN.D001.NO.Z.D,Tasa de Política Monetaria,DAILY,2022-09-14,10.75,2022,9,14,3
F022.TPM.TIN.D001.NO.Z.D,Tasa de Política Monetaria,DAILY,2022-09-15,10.75,2022,9,15,3
F022.TPM.TIN.D001.NO.Z.D,Tasa de Política Monetaria,DAILY,2022-09-20,10.75,2022,9,20,3
F022.TPM.TIN.D001.NO.Z.D,Tasa de Política Monetaria,DAILY,2022-09-21,10.75,2022,9,21,3
F022.TPM.TIN.D001.NO.Z.D,Tasa de Política Monetaria,DAILY,2022-09-22,10.75,2022,9,22,3
F022.TPM.TIN.D001.NO.Z.D,Tasa de Política Monetaria,DAILY,2022-09-23,10.75,2022,9,23,3
F022.TPM.TIN.D001.NO.Z.D,Tasa de Política Monetaria,DAILY,2022-09-26,10.75,2022,9,26,3
F022.TPM.TIN.D001.NO.Z.D,Tasa de Política Monetaria,DAILY,2022-09-27,10.75,2022,9,27,3
F022.TPM.TIN.D001.NO.Z.D,Tasa de Política Monetaria,DAILY,2022-09-28,10.75,2022,9,28,3
F022.TPM.TIN.D001.NO.Z.D,Tasa de Política Monetaria,DAILY,2022-09-29,10.75,2022,9,29,3
F022.TPM.TIN.D001.NO.Z.D,Tasa de Política Monetaria,DAILY,2022-09-30,10.75,2022,9,30,3
F022.TPM.TIN.D001.NO.Z.D,Tasa de Política Monetaria,DAILY,2022-10-03,10.75,2022,10,3,4
F022.TPM.TIN.D001.NO.Z.D,Tasa de Política Monetaria,DAILY,2022-10-04,10.75,2022,10,4,4
F022.TPM.TIN.D001.NO.Z.D,Tasa de Política Monetaria,DAILY,2022-10-05,10.75,2022,10,5,4
F022.TPM.TIN.D001.NO.Z.D,Tasa de Política Monetaria,DAILY,2022-10-06,10.75,2022,10,6,4
F022.TPM.TIN.D001.NO.Z.D,Tasa de Política Monetaria,DAILY,2022-10-07,10.75,2022,10,7,4
F022.TPM.TIN.D001.NO.Z.D,Tasa de Política Monetaria,DAILY,2022-10-11,10.75,2022,10,11,4
F022.TPM.TIN.D001.NO.Z.D,Tasa de Política Monetaria,DAILY,2022-10-12,10.75,2022,10,12,4
F022.TPM.TIN.D001.NO.Z.D,Tasa de Política Monetaria,DAILY,2022-10-13,11.25,2022,10,13,4
F022.TPM.TIN.D001.NO.Z.D,Tasa de Política Monetaria,DAILY,2022-10-14,11.25,2022,10,14,4
F022.TPM.TIN.D001.NO.Z.D,Tasa de Política Monetaria,DAILY,2022-10-17,11.25,2022,10,17,4
F022.TPM.TIN.D001.NO.Z.D,Tasa de Política Monetaria,DAILY,2022-10-18,11.25,2022,10,18,4
F022.TPM.TIN.D001.NO.Z.D,Tasa de Política Monetaria,DAILY,2022-10-19,11.25,2022,10,19,4
F022.TPM.TIN.D001.NO.Z.D,Tasa de Política Monetaria,DAILY,2022-10-20,11.25,2022,10,20,4
F022.TPM.TIN.D001.NO.Z.D,Tasa de Política Monetaria,DAILY,2022-10-21,11.25,2022,10,21,4
F022.TPM.TIN.D001.NO.Z.D,Tasa de Política Monetaria,DAILY,2022-10-24,11.25,2022,10,24,4
F022.TPM.TIN.D001.NO.Z.D,Tasa de Política Monetaria,DAILY,2022-10-25,11.25,2022,10,25,4
F022.TPM.TIN.D001.NO.Z.D,Tasa de Política Monetaria,DAILY,2022-10-26,11.25,2022,10,26,4
F022.TPM.TIN.D001.NO.Z.D,Tasa de Política Monetaria,DAILY,2022-10-27,11.25,2022,10,27,4
F022.TPM.TIN.D001.NO.Z.D,Tasa de Política Monetaria,DAILY,2022-10-28,11.25,2022,10,28,4
F022.TPM.TIN.D001.NO.Z.D,Tasa de Política Monetaria,DAILY,2022-11-02,11.25,2022,11,2,4
F022.TPM.TIN.D001.NO.Z.D,Tasa de Política Monetaria,DAILY,2022-11-03,11.25,2022,11,3,4
F022.TPM.TIN.D001.NO.Z.D,Tasa de Política Monetaria,DAILY,2022-11-04,11.25,2022,11,4,4
F022.TPM.TIN.D001.NO.Z.D,Tasa de Política Monetaria,DAILY,2022-11-07,11.25,2022,11,7,4
F022.TPM.TIN.D001.NO.Z.D,Tasa de Política Monetaria,DAILY,2022-11-08,11.25,2022,11,8,4
F022.TPM.TIN.D001.NO.Z.D,Tasa de Política Monetaria,DAILY,2022-11-09,11.25,2022,11,9,4
F022.TPM.TIN.D001.NO.Z.D,Tasa de Política Monetaria,DAILY,2022-11-10,11.25,2022,11,10,4
F022.TPM.TIN.D001.NO.Z.D,Tasa de Política Monetaria,DAILY,2022-11-11,11.25,2022,11,11,4
F022.TPM.TIN.D001.NO.Z.D,Tasa de Política Monetaria,DAILY,2022-11-14,11.25,2022,11,14,4
F022.TPM.TIN.D001.NO.Z.D,Tasa de Política Monetaria,DAILY,2022-11-15,11.25,2022,11,15,4
F022.TPM.TIN.D001.NO.Z.D,Tasa de Política Monetaria,DAILY,2022-11-16,11.25,2022,11,16,4
F022.TPM.TIN.D001.NO.Z.D,Tasa de Política Monetaria,DAILY,2022-11-17,11.25,2022,11,17,4
F022.TPM.TIN.D001.NO.Z.D,Tasa de Política Monetaria,DAILY,2022-11-18,11.25,2022,11,18,4
F022.TPM.TIN.D001.NO.Z.D,Tasa de Política Monetaria,DAILY,2022-11-21,11.25,2022,11,21,4
F022.TPM.TIN.D001.NO.Z.D,Tasa de Política Monetaria,DAILY,2022-11-22,11.25,2022,11,22,4
F022.TPM.TIN.D001.NO.Z.D,Tasa de Política Monetaria,DAILY,2022-11-23,11.25,2022,11,23,4
F022.TPM.TIN.D001.NO.Z.D,Tasa de Política Monetaria,DAILY,2022-11-24,11.25,2022,11,24,4
F022.TPM.TIN.D001.NO.Z.D,Tasa de Política Monetaria,DAILY,2022-11-25,11.25,2022,11,25,4
F022.TPM.TIN.D001.NO.Z.D,Tasa de Política Monetaria,DAILY,2022-11-28,11.25,2022,11,28,4
F022.TPM.TIN.D001.NO.Z.D,Tasa de Política Monetaria,DAILY,2022-11-29,11.25,2022,11,29,4
F022.TPM.TIN.D001.NO.Z.D,Tasa de Política Monetaria,DAILY,2022-11-30,11.25,2022,11,30,4
F022.TPM.TIN.D001.NO.Z.D,Tasa de Política Monetaria,DAILY,2022-12-01,11.25,2022,12,1,4
F022.TPM.TIN.D001.NO.Z.D,Tasa de Política Monetaria,DAILY,2022-12-02,11.25,2022,12,2,4
F022.TPM.TIN.D001.NO.Z.D,Tasa de Política Monetaria,DAILY,2022-12-05,11.25,2022,12,5,4
F022.TPM.TIN.D001.NO.Z.D,Tasa de Política Monetaria,DAILY,2022-12-06,11.25,2022,12,6,4
F022.TPM.TIN.D001.NO.Z.D,Tasa de Política Monetaria,DAILY,2022-12-07,11.25,2022,12,7,4
F022.TPM.TIN.D001.NO.Z.D,Tasa de Política Monetaria,DAILY,2022-12-09,11.25,2022,12,9,4
F022.TPM.TIN.D001.NO.Z.D,Tasa de Política Monetaria,DAILY,2022-12-12,11.25,2022,12,12,4
F022.TPM.TIN.D001.NO.Z.D,Tasa de Política Monetaria,DAILY,2022-12-13,11.25,2022,12,13,4
F022.TPM.TIN.D001.NO.Z.D,Tasa de Política Monetaria,DAILY,2022-12-14,11.25,2022,12,14,4
F022.TPM.TIN.D001.NO.Z.D,Tasa de Política Monetaria,DAILY,2022-12-15,11.25,2022,12,15,4
F022.TPM.TIN.D001.NO.Z.D,Tasa de Política Monetaria,DAILY,2022-12-16,11.25,2022,12,16,4
F022.TPM.TIN.D001.NO.Z.D,Tasa de Política Monetaria,DAILY,2022-12-19,11.25,2022,12,19,4
F022.TPM.TIN.D001.NO.Z.D,Tasa de Política Monetaria,DAILY,2022-12-20,11.25,2022,12,20,4
F022.TPM.TIN.D001.NO.Z.D,Tasa de Política Monetaria,DAILY,2022-12-21,11.25,2022,12,21,4
F022.TPM.TIN.D001.NO.Z.D,Tasa de Política Monetaria,DAILY,2022-12-22,11.25,2022,12,22,4
F022.TPM.TIN.D001.NO.Z.D,Tasa de Política Monetaria,DAILY,2022-12-23,11.25,2022,12,23,4
F022.TPM.TIN.D001.NO.Z.D,Tasa de Política Monetaria,DAILY,2022-12-26,11.25,2022,12,26,4
F022.TPM.TIN.D001.NO.Z.D,Tasa de Política Monetaria,DAILY,2022-12-27,11.25,2022,12,27,4
F022.TPM.TIN.D001.NO.Z.D,Tasa de Política Monetaria,DAILY,2022-12-28,11.25,2022,12,28,4
F022.TPM.TIN.D001.NO.Z.D,Tasa de Política Monetaria,DAILY,2022-12-29,11.25,2022,12,29,4
F022.TPM.TIN.D001.NO.Z.D,Tasa de Política Monetaria,DAILY,2022-12-30,11.25,2022,12,30,4
F022.TPM.TIN.D001.NO.Z.D,Tasa de Política Monetaria,DAILY,2023-01-03,11.25,2023,1,3,1
F022.TPM.TIN.D001.NO.Z.D,Tasa de Política Monetaria,DAILY,2023-01-04,11.25,2023,1,4,1
F022.TPM.TIN.D001.NO.Z.D,Tasa de Política Monetaria,DAILY,2023-01-05,11.25,2023,1,5,1
F022.TPM.TIN.D001.NO.Z.D,Tasa de Política Monetaria,DAILY,2023-01-06,11.25,2023,1,6,1
F022.TPM.TIN.D001.NO.Z.D,Tasa de Política Monetaria,DAILY,2023-01-09,11.25,2023,1,9,1
F022.TPM.TIN.D001.NO.Z.D,Tasa de Política Monetaria,DAILY,2023-01-10,11.25,2023,1,10,1
F022.TPM.TIN.D001.NO.Z.D,Tasa de Política Monetaria,DAILY,2023-01-11,11.25,2023,1,11,1
F022.TPM.TIN.D001.NO.Z.D,Tasa de Política Monetaria,DAILY,2023-01-12,11.25,2023,1,12,1
F022.TPM.TIN.D001.NO.Z.D,Tasa de Política Monetaria,DAILY,2023-01-13,11.25,2023,1,13,1
F022.TPM.TIN.D001.NO.Z.D,Tasa de Política Monetaria,DAILY,2023-01-16,11.25,2023,1,16,1
F022.TPM.TIN.D001.NO.Z.D,Tasa de Política Monetaria,DAILY,2023-01-17,11.25,2023,1,17,1
F022.TPM.TIN.D001.NO.Z.D,Tasa de Política Monetaria,DAILY,2023-01-18,11.25,2023,1,18,1
F022.TPM.TIN.D001.NO.Z.D,Tasa de Política Monetaria,DAILY,2023-01-19,11.25,2023,1,19,1
F022.TPM.TIN.D001.NO.Z.D,Tasa de Política Monetaria,DAILY,2023-01-20,11.25,2023,1,20,1
F022.TPM.TIN.D001.NO.Z.D,Tasa de Política Monetaria,DAILY,2023-01-23,11.25,2023,1,23,1
F022.TPM.TIN.D001.NO.Z.D,Tasa de Política Monetaria,DAILY,2023-01-24,11.25,2023,1,24,1
F022.TPM.TIN.D001.NO.Z.D,Tasa de Política Monetaria,DAILY,2023-01-25,11.25,2023,1,25,1
F022.TPM.TIN.D001.NO.Z.D,Tasa de Política Monetaria,DAILY,2023-01-26,11.25,2023,1,26,1
F022.TPM.TIN.D001.NO.Z.D,Tasa de Política Monetaria,DAILY,2023-01-27,11.25,2023,1,27,1
F022.TPM.TIN.D001.NO.Z.D,Tasa de Política Monetaria,DAILY,2023-01-30,11.25,2023,1,30,1
F022.TPM.TIN.D001.NO.Z.D,Tasa de Política Monetaria,DAILY,2023-01-31,11.25,2023,1,31,1
F022.TPM.TIN.D001.NO.Z.D,Tasa de Política Monetaria,DAILY,2023-02-01,11.25,2023,2,1,1
F022.TPM.TIN.D001.NO.Z.D,Tasa de Política Monetaria,DAILY,2023-02-02,11.25,2023,2,2,1
F022.TPM.TIN.D001.NO.Z.D,Tasa de Política Monetaria,DAILY,2023-02-03,11.25,2023,2,3,1
F022.TPM.TIN.D001.NO.Z.D,Tasa de Política Monetaria,DAILY,2023-02-06,11.25,2023,2,6,1
F022.TPM.TIN.D001.NO.Z.D,Tasa de Política Monetaria,DAILY,2023-02-07,11.25,2023,2,7,1
F022.TPM.TIN.D001.NO.Z.D,Tasa de Política Monetaria,DAILY,2023-02-08,11.25,2023,2,8,1
F022.TPM.TIN.D001.NO.Z.D,Tasa de Política Monetaria,DAILY,2023-02-09,11.25,2023,2,9,1
F022.TPM.TIN.D001.NO.Z.D,Tasa de Política Monetaria,DAILY,2023-02-10,11.25,2023,2,10,1
F022.TPM.TIN.D001.NO.Z.D,Tasa de Política Monetaria,DAILY,2023-02-13,11.25,2023,2,13,1
F022.TPM.TIN.D001.NO.Z.D,Tasa de Política Monetaria,DAILY,2023-02-14,11.25,2023,2,14,1
F022.TPM.TIN.D001.NO.Z.D,Tasa de Política Monetaria,DAILY,2023-02-15,11.25,2023,2,15,1
F022.TPM.TIN.D001.NO.Z.D,Tasa de Política Monetaria,DAILY,2023-02-16,11.25,2023,2,16,1
F022.TPM.TIN.D001.NO.Z.D,Tasa de Política Monetaria,DAILY,2023-02-17,11.25,2023,2,17,1
F022.TPM.TIN.D001.NO.Z.D,Tasa de Política Monetaria,DAILY,2023-02-20,11.25,2023,2,20,1
F022.TPM.TIN.D001.NO.Z.D,Tasa de Política Monetaria,DAILY,2023-02-21,11.25,2023,2,21,1
F022.TPM.TIN.D001.NO.Z.D,Tasa de Política Monetaria,DAILY,2023-02-22,11.25,2023,2,22,1
F022.TPM.TIN.D001.NO.Z.D,Tasa de Política Monetaria,DAILY,2023-02-23,11.25,2023,2,23,1
F022.TPM.TIN.D001.NO.Z.D,Tasa de Política Monetaria,DAILY,2023-02-24,11.25,2023,2,24,1
F022.TPM.TIN.D001.NO.Z.D,Tasa de Política Monetaria,DAILY,2023-02-27,11.25,2023,2,27,1
F022.TPM.TIN.D001.NO.Z.D,Tasa de Política Monetaria,DAILY,2023-02-28,11.25,2023,2,28,1
F022.TPM.TIN.D001.NO.Z.D,Tasa de Política Monetaria,DAILY,2023-03-01,11.25,2023,3,1,1
F022.TPM.TIN.D001.NO.Z.D,Tasa de Política Monetaria,DAILY,2023-03-02,11.25,2023,3,2,1
F022.TPM.TIN.D001.NO.Z.D,Tasa de Política Monetaria,DAILY,2023-03-03,11.25,2023,3,3,1
F022.TPM.TIN.D001.NO.Z.D,Tasa de Política Monetaria,DAILY,2023-03-06,11.25,2023,3,6,1
F022.TPM.TIN.D001.NO.Z.D,Tasa de Política Monetaria,DAILY,2023-03-07,11.25,2023,3,7,1
F022.TPM.TIN.D001.NO.Z.D,Tasa de Política Monetaria,DAILY,2023-03-08,11.25,2023,3,8,1
F022.TPM.TIN.D001.NO.Z.D,Tasa de Política Monetaria,DAILY,2023-03-09,11.25,2023,3,9,1
F022.TPM.TIN.D001.NO.Z.D,Tasa de Política Monetaria,DAILY,2023-03-10,11.25,2023,3,10,1
F022.TPM.TIN.D001.NO.Z.D,Tasa de Política Monetaria,DAILY,2023-03-13,11.25,2023,3,13,1
F022.TPM.TIN.D001.NO.Z.D,Tasa de Política Monetaria,DAILY,2023-03-14,11.25,2023,3,14,1
F022.TPM.TIN.D001.NO.Z.D,Tasa de Política Monetaria,DAILY,2023-03-15,11.25,2023,3,15,1
F022.TPM.TIN.D001.NO.Z.D,Tasa de Política Monetaria,DAILY,2023-03-16,11.25,2023,3,16,1
F022.TPM.TIN.D001.NO.Z.D,Tasa de Política Monetaria,DAILY,2023-03-17,11.25,2023,3,17,1
F022.TPM.TIN.D001.NO.Z.D,Tasa de Política Monetaria,DAILY,2023-03-20,11.25,2023,3,20,1
F022.TPM.TIN.D001.NO.Z.D,Tasa de Política Monetaria,DAILY,2023-03-21,11.25,2023,3,21,1
F022.TPM.TIN.D001.NO.Z.D,Tasa de Política Monetaria,DAILY,2023-03-22,11.25,2023,3,22,1
F022.TPM.TIN.D001.NO.Z.D,Tasa de Política Monetaria,DAILY,2023-03-23,11.25,2023,3,23,1
F022.TPM.TIN.D001.NO.Z.D,Tasa de Política Monetaria,DAILY,2023-03-24,11.25,2023,3,24,1
F022.TPM.TIN.D001.NO.Z.D,Tasa de Política Monetaria,DAILY,2023-03-27,11.25,2023,3,27,1
F022.TPM.TIN.D001.NO.Z.D,Tasa de Política Monetaria,DAILY,2023-03-28,11.25,2023,3,28,1
F022.TPM.TIN.D001.NO.Z.D,Tasa de Política Monetaria,DAILY,2023-03-29,11.25,2023,3,29,1
F022.TPM.TIN.D001.NO.Z.D,Tasa de Política Monetaria,DAILY,2023-03-30,11.25,2023,3,30,1
F022.TPM.TIN.D001.NO.Z.D,Tasa de Política Monetaria,DAILY,2023-03-31,11.25,2023,3,31,1
F022.TPM.TIN.D001.NO.Z.D,Tasa de Política Monetaria,DAILY,2023-04-03,11.25,2023,4,3,2
F022.TPM.TIN.D001.NO.Z.D,Tasa de Política Monetaria,DAILY,2023-04-04,11.25,2023,4,4,2
F022.TPM.TIN.D001.NO.Z.D,Tasa de Política Monetaria,DAILY,2023-04-05,11.25,2023,4,5,2
F022.TPM.TIN.D001.NO.Z.D,Tasa de Política Monetaria,DAILY,2023-04-06,11.25,2023,4,6,2
F022.TPM.TIN.D001.NO.Z.D,Tasa de Política Monetaria,DAILY,2023-04-10,11.25,2023,4,10,2
F022.TPM.TIN.D001.NO.Z.D,Tasa de Política Monetaria,DAILY,2023-04-11,11.25,2023,4,11,2
F022.TPM.TIN.D001.NO.Z.D,Tasa de Política Monetaria,DAILY,2023-04-12,11.25,2023,4,12,2
F022.TPM.TIN.D001.NO.Z.D,Tasa de Política Monetaria,DAILY,2023-04-13,11.25,2023,4,13,2
F022.TPM.TIN.D001.NO.Z.D,Tasa de Política Monetaria,DAILY,2023-04-14,11.25,2023,4,14,2
F022.TPM.TIN.D001.NO.Z.D,Tasa de Política Monetaria,DAILY,2023-04-17,11.25,2023,4,17,2
F022.TPM.TIN.D001.NO.Z.D,Tasa de Política Monetaria,DAILY,2023-04-18,11.25,2023,4,18,2
F022.TPM.TIN.D001.NO.Z.D,Tasa de Política Monetaria,DAILY,2023-04-19,11.25,2023,4,19,2
F022.TPM.TIN.D001.NO.Z.D,Tasa de Política Monetaria,DAILY,2023-04-20,11.25,2023,4,20,2
F022.TPM.TIN.D001.NO.Z.D,Tasa de Política Monetaria,DAILY,2023-04-21,11.25,2023,4,21,2
F022.TPM.TIN.D001.NO.Z.D,Tasa de Política Monetaria,DAILY,2023-04-24,11.25,2023,4,24,2
F022.TPM.TIN.D001.NO.Z.D,Tasa de Política Monetaria,DAILY,2023-04-25,11.25,2023,4,25,2
F022.TPM.TIN.D001.NO.Z.D,Tasa de Política Monetaria,DAILY,2023-04-26,11.25,2023,4,26,2
F022.TPM.TIN.D001.NO.Z.D,Tasa de Política Monetaria,DAILY,2023-04-27,11.25,2023,4,27,2
F022.TPM.TIN.D001.NO.Z.D,Tasa de Política Monetaria,DAILY,2023-04-28,11.25,2023,4,28,2
F022.TPM.TIN.D001.NO.Z.D,Tasa de Política Monetaria,DAILY,2023-05-02,11.25,2023,5,2,2
F022.TPM.TIN.D001.NO.Z.D,Tasa de Política Monetaria,DAILY,2023-05-03,11.25,2023,5,3,2
F022.TPM.TIN.D001.NO.Z.D,Tasa de Política Monetaria,DAILY,2023-05-04,11.25,2023,5,4,2
F022.TPM.TIN.D001.NO.Z.D,Tasa de Política Monetaria,DAILY,2023-05-05,11.25,2023,5,5,2
F022.TPM.TIN.D001.NO.Z.D,Tasa de Política Monetaria,DAILY,2023-05-08,11.25,2023,5,8,2
F022.TPM.TIN.D001.NO.Z.D,Tasa de Política Monetaria,DAILY,2023-05-09,11.25,2023,5,9,2
F022.TPM.TIN.D001.NO.Z.D,Tasa de Política Monetaria,DAILY,2023-05-10,11.25,2023,5,10,2
F022.TPM.TIN.D001.NO.Z.D,Tasa de Política Monetaria,DAILY,2023-05-11,11.25,2023,5,11,2
F022.TPM.TIN.D001.NO.Z.D,Tasa de Política Monetaria,DAILY,2023-05-12,11.25,2023,5,12,2
F022.TPM.TIN.D001.NO.Z.D,Tasa de Política Monetaria,DAILY,2023-05-15,11.25,2023,5,15,2
F022.TPM.TIN.D001.NO.Z.D,Tasa de Política Monetaria,DAILY,2023-05-16,11.25,2023,5,16,2
F022.TPM.TIN.D001.NO.Z.D,Tasa de Política Monetaria,DAILY,2023-05-17,11.25,2023,5,17,2
F022.TPM.TIN.D001.NO.Z.D,Tasa de Política Monetaria,DAILY,2023-05-18,11.25,2023,5,18,2
F022.TPM.TIN.D001.NO.Z.D,Tasa de Política Monetaria,DAILY,2023-05-19,11.25,2023,5,19,2
F022.TPM.TIN.D001.NO.Z.D,Tasa de Política Monetaria,DAILY,2023-05-22,11.25,2023,5,22,2
F022.TPM.TIN.D001.NO.Z.D,Tasa de Política Monetaria,DAILY,2023-05-23,11.25,2023,5,23,2
F022.TPM.TIN.D001.NO.Z.D,Tasa de Política Monetaria,DAILY,2023-05-24,11.25,2023,5,24,2
F022.TPM.TIN.D001.NO.Z.D,Tasa de Política Monetaria,DAILY,2023-05-25,11.25,2023,5,25,2
F022.TPM.TIN.D001.NO.Z.D,Tasa de Política Monetaria,DAILY,2023-05-26,11.25,2023,5,26,2
F022.TPM.TIN.D001.NO.Z.D,Tasa de Política Monetaria,DAILY,2023-05-29,11.25,2023,5,29,2
F022.TPM.TIN.D001.NO.Z.D,Tasa de Política Monetaria,DAILY,2023-05-30,11.25,2023,5,30,2
F022.TPM.TIN.D001.NO.Z.D,Tasa de Política Monetaria,DAILY,2023-05-31,11.25,2023,5,31,2
F022.TPM.TIN.D001.NO.Z.D,Tasa de Política Monetaria,DAILY,2023-06-01,11.25,2023,6,1,2
F022.TPM.TIN.D001.NO.Z.D,Tasa de Política Monetaria,DAILY,2023-06-02,11.25,2023,6,2,2
F022.TPM.TIN.D001.NO.Z.D,Tasa de Política Monetaria,DAILY,2023-06-05,11.25,2023,6,5,2
F022.TPM.TIN.D001.NO.Z.D,Tasa de Política Monetaria,DAILY,2023-06-06,11.25,2023,6,6,2
F022.TPM.TIN.D001.NO.Z.D,Tasa de Política Monetaria,DAILY,2023-06-07,11.25,2023,6,7,2
F022.TPM.TIN.D001.NO.Z.D,Tasa de Política Monetaria,DAILY,2023-06-08,11.25,2023,6,8,2
F022.TPM.TIN.D001.NO.Z.D,Tasa de Política Monetaria,DAILY,2023-06-09,11.25,2023,6,9,2
F022.TPM.TIN.D001.NO.Z.D,Tasa de Política Monetaria,DAILY,2023-06-12,11.25,2023,6,12,2
F022.TPM.TIN.D001.NO.Z.D,Tasa de Política Monetaria,DAILY,2023-06-13,11.25,2023,6,13,2
F022.TPM.TIN.D001.NO.Z.D,Tasa de Política Monetaria,DAILY,2023-06-14,11.25,2023,6,14,2
F022.TPM.TIN.D001.NO.Z.D,Tasa de Política Monetaria,DAILY,2023-06-15,11.25,2023,6,15,2
F022.TPM.TIN.D001.NO.Z.D,Tasa de Política Monetaria,DAILY,2023-06-16,11.25,2023,6,16,2
F022.TPM.TIN.D001.NO.Z.D,Tasa de Política Monetaria,DAILY,2023-06-19,11.25,2023,6,19,2
F022.TPM.TIN.D001.NO.Z.D,Tasa de Política Monetaria,DAILY,2023-06-20,11.25,2023,6,20,2
F022.TPM.TIN.D001.NO.Z.D,Tasa de Política Monetaria,DAILY,2023-06-22,11.25,2023,6,22,2
F022.TPM.TIN.D001.NO.Z.D,Tasa de Política Monetaria,DAILY,2023-06-23,11.25,2023,6,23,2
F022.TPM.TIN.D001.NO.Z.D,Tasa de Política Monetaria,DAILY,2023-06-27,11.25,2023,6,27,2
F022.TPM.TIN.D001.NO.Z.D,Tasa de Política Monetaria,DAILY,2023-06-28,11.25,2023,6,28,2
F022.TPM.TIN.D001.NO.Z.D,Tasa de Política Monetaria,DAILY,2023-06-29,11.25,2023,6,29,2
F022.TPM.TIN.D001.NO.Z.D,Tasa de Política Monetaria,DAILY,2023-06-30,11.25,2023,6,30,2
F022.TPM.TIN.D001.NO.Z.D,Tasa de Política Monetaria,DAILY,2023-07-03,11.25,2023,7,3,3
F022.TPM.TIN.D001.NO.Z.D,Tasa de Política Monetaria,DAILY,2023-07-04,11.25,2023,7,4,3
F022.TPM.TIN.D001.NO.Z.D,Tasa de Política Monetaria,DAILY,2023-07-05,11.25,2023,7,5,3
F022.TPM.TIN.D001.NO.Z.D,Tasa de Política Monetaria,DAILY,2023-07-06,11.25,2023,7,6,3
F022.TPM.TIN.D001.NO.Z.D,Tasa de Política Monetaria,DAILY,2023-07-07,11.25,2023,7,7,3
F022.TPM.TIN.D001.NO.Z.D,Tasa de Política Monetaria,DAILY,2023-07-10,11.25,2023,7,10,3
F022.TPM.TIN.D001.NO.Z.D,Tasa de Política Monetaria,DAILY,2023-07-11,11.25,2023,7,11,3
F022.TPM.TIN.D001.NO.Z.D,Tasa de Política Monetaria,DAILY,2023-07-12,11.25,2023,7,12,3
F022.TPM.TIN.D001.NO.Z.D,Tasa de Política Monetaria,DAILY,2023-07-13,11.25,2023,7,13,3
F022.TPM.TIN.D001.NO.Z.D,Tasa de Política Monetaria,DAILY,2023-07-14,11.25,2023,7,14,3
F022.TPM.TIN.D001.NO.Z.D,Tasa de Política Monetaria,DAILY,2023-07-17,11.25,2023,7,17,3
F022.TPM.TIN.D001.NO.Z.D,Tasa de Política Monetaria,DAILY,2023-07-18,11.25,2023,7,18,3
F022.TPM.TIN.D001.NO.Z.D,Tasa de Política Monetaria,DAILY,2023-07-19,11.25,2023,7,19,3
F022.TPM.TIN.D001.NO.Z.D,Tasa de Política Monetaria,DAILY,2023-07-20,11.25,2023,7,20,3
F022.TPM.TIN.D001.NO.Z.D,Tasa de Política Monetaria,DAILY,2023-07-21,11.25,2023,7,21,3
F022.TPM.TIN.D001.NO.Z.D,Tasa de Política Monetaria,DAILY,2023-07-24,11.25,2023,7,24,3
F022.TPM.TIN.D001.NO.Z.D,Tasa de Política Monetaria,DAILY,2023-07-25,11.25,2023,7,25,3
F022.TPM.TIN.D001.NO.Z.D,Tasa de Política Monetaria,DAILY,2023-07-26,11.25,2023,7,26,3
F022.TPM.TIN.D001.NO.Z.D,Tasa de Política Monetaria,DAILY,2023-07-27,11.25,2023,7,27,3
F022.TPM.TIN.D001.NO.Z.D,Tasa de Política Monetaria,DAILY,2023-07-28,11.25,2023,7,28,3
F022.TPM.TIN.D001.NO.Z.D,Tasa de Política Monetaria,DAILY,2023-07-31,10.25,2023,7,31,3
F022.TPM.TIN.D001.NO.Z.D,Tasa de Política Monetaria,DAILY,2023-08-01,10.25,2023,8,1,3
F022.TPM.TIN.D001.NO.Z.D,Tasa de Política Monetaria,DAILY,2023-08-02,10.25,2023,8,2,3
F022.TPM.TIN.D001.NO.Z.D,Tasa de Política Monetaria,DAILY,2023-08-03,10.25,2023,8,3,3
F022.TPM.TIN.D001.NO.Z.D,Tasa de Política Monetaria,DAILY,2023-08-04,10.25,2023,8,4,3
F022.TPM.TIN.D001.NO.Z.D,Tasa de Política Monetaria,DAILY,2023-08-07,10.25,2023,8,7,3
F022.TPM.TIN.D001.NO.Z.D,Tasa de Política Monetaria,DAILY,2023-08-08,10.25,2023,8,8,3
F022.TPM.TIN.D001.NO.Z.D,Tasa de Política Monetaria,DAILY,2023-08-09,10.25,2023,8,9,3
F022.TPM.TIN.D001.NO.Z.D,Tasa de Política Monetaria,DAILY,2023-08-10,10.25,2023,8,10,3
F022.TPM.TIN.D001.NO.Z.D,Tasa de Política Monetaria,DAILY,2023-08-11,10.25,2023,8,11,3
F022.TPM.TIN.D001.NO.Z.D,Tasa de Política Monetaria,DAILY,2023-08-14,10.25,2023,8,14,3
F022.TPM.TIN.D001.NO.Z.D,Tasa de Política Monetaria,DAILY,2023-08-16,10.25,2023,8,16,3
F022.TPM.TIN.D001.NO.Z.D,Tasa de Política Monetaria,DAILY,2023-08-17,10.25,2023,8,17,3
F022.TPM.TIN.D001.NO.Z.D,Tasa de Política Monetaria,DAILY,2023-08-18,10.25,2023,8,18,3
F022.TPM.TIN.D001.NO.Z.D,Tasa de Política Monetaria,DAILY,2023-08-21,10.25,2023,8,21,3
F022.TPM.TIN.D001.NO.Z.D,Tasa de Política Monetaria,DAILY,2023-08-22,10.25,2023,8,22,3
F022.TPM.TIN.D001.NO.Z.D,Tasa de Política Monetaria,DAILY,2023-08-23,10.25,2023,8,23,3
F022.TPM.TIN.D001.NO.Z.D,Tasa de Política Monetaria,DAILY,2023-08-24,10.25,2023,8,24,3
F022.TPM.TIN.D001.NO.Z.D,Tasa de Política Monetaria,DAILY,2023-08-25,10.25,2023,8,25,3
F022.TPM.TIN.D001.NO.Z.D,Tasa de Política Monetaria,DAILY,2023-08-28,10.25,2023,8,28,3
F022.TPM.TIN.D001.NO.Z.D,Tasa de Política Monetaria,DAILY,2023-08-29,10.25,2023,8,29,3
F022.TPM.TIN.D001.NO.Z.D,Tasa de Política Monetaria,DAILY,2023-08-30,10.25,2023,8,30,3
F022.TPM.TIN.D001.NO.Z.D,Tasa de Política Monetaria,DAILY,2023-08-31,10.25,2023,8,31,3
F022.TPM.TIN.D001.NO.Z.D,Tasa de Política Monetaria,DAILY,2023-09-01,10.25,2023,9,1,3
F022.TPM.TIN.D001.NO.Z.D,Tasa de Política Monetaria,DAILY,2023-09-04,10.25,2023,9,4,3
F022.TPM.TIN.D001.NO.Z.D,Tasa de Política Monetaria,DAILY,2023-09-05,10.25,2023,9,5,3
F022.TPM.TIN.D001.NO.Z.D,Tasa de Política Monetaria,DAILY,2023-09-06,9.5,2023,9,6,3
F022.TPM.TIN.D001.NO.Z.D,Tasa de Política Monetaria,DAILY,2023-09-07,9.5,2023,9,7,3
F022.TPM.TIN.D001.NO.Z.D,Tasa de Política Monetaria,DAILY,2023-09-08,9.5,2023,9,8,3
F022.TPM.TIN.D001.NO.Z.D,Tasa de Política Monetaria,DAILY,2023-09-11,9.5,2023,9,11,3
F022.TPM.TIN.D001.NO.Z.D,Tasa de Política Monetaria,DAILY,2023-09-12,9.5,2023,9,12,3
F022.TPM.TIN.D001.NO.Z.D,Tasa de Política Monetaria,DAILY,2023-09-13,9.5,2023,9,13,3
F022.TPM.TIN.D001.NO.Z.D,Tasa de Política Monetaria,DAILY,2023-09-14,9.5,2023,9,14,3
F022.TPM.TIN.D001.NO.Z.D,Tasa de Política Monetaria,DAILY,2023-09-15,9.5,2023,9,15,3
F022.TPM.TIN.D001.NO.Z.D,Tasa de Política Monetaria,DAILY,2023-09-20,9.5,2023,9,20,3
F022.TPM.TIN.D001.NO.Z.D,Tasa de Política Monetaria,DAILY,2023-09-21,9.5,2023,9,21,3
F022.TPM.TIN.D001.NO.Z.D,Tasa de Política Monetaria,DAILY,2023-09-22,9.5,2023,9,22,3
F022.TPM.TIN.D001.NO.Z.D,Tasa de Política Monetaria,DAILY,2023-09-25,9.5,2023,9,25,3
F022.TPM.TIN.D001.NO.Z.D,Tasa de Política Monetaria,DAILY,2023-09-26,9.5,2023,9,26,3
F022.TPM.TIN.D001.NO.Z.D,Tasa de Política Monetaria,DAILY,2023-09-27,9.5,2023,9,27,3
F022.TPM.TIN.D001.NO.Z.D,Tasa de Política Monetaria,DAILY,2023-09-28,9.5,2023,9,28,3
F022.TPM.TIN.D001.NO.Z.D,Tasa de Política Monetaria,DAILY,2023-09-29,9.5,2023,9,29,3
F022.TPM.TIN.D001.NO.Z.D,Tasa de Política Monetaria,DAILY,2023-10-02,9.5,2023,10,2,4
F022.TPM.TIN.D001.NO.Z.D,Tasa de Política Monetaria,DAILY,2023-10-03,9.5,2023,10,3,4
F022.TPM.TIN.D001.NO.Z.D,Tasa de Política Monetaria,DAILY,2023-10-04,9.5,2023,10,4,4
F022.TPM.TIN.D001.NO.Z.D,Tasa de Política Monetaria,DAILY,2023-10-05,9.5,2023,10,5,4
F022.TPM.TIN.D001.NO.Z.D,Tasa de Política Monetaria,DAILY,2023-10-06,9.5,2023,10,6,4
F022.TPM.TIN.D001.NO.Z.D,Tasa de Política Monetaria,DAILY,2023-10-10,9.5,2023,10,10,4
F022.TPM.TIN.D001.NO.Z.D,Tasa de Política Monetaria,DAILY,2023-10-11,9.5,2023,10,11,4
F022.TPM.TIN.D001.NO.Z.D,Tasa de Política Monetaria,DAILY,2023-10-12,9.5,2023,10,12,4
F022.TPM.TIN.D001.NO.Z.D,Tasa de Política Monetaria,DAILY,2023-10-13,9.5,2023,10,13,4
F022.TPM.TIN.D001.NO.Z.D,Tasa de Política Monetaria,DAILY,2023-10-16,9.5,2023,10,16,4
F022.TPM.TIN.D001.NO.Z.D,Tasa de Política Monetaria,DAILY,2023-10-17,9.5,2023,10,17,4
F022.TPM.TIN.D001.NO.Z.D,Tasa de Política Monetaria,DAILY,2023-10-18,9.5,2023,10,18,4
F022.TPM.TIN.D001.NO.Z.D,Tasa de Política Monetaria,DAILY,2023-10-19,9.5,2023,10,19,4
F022.TPM.TIN.D001.NO.Z.D,Tasa de Política Monetaria,DAILY,2023-10-20,9.5,2023,10,20,4
F022.TPM.TIN.D001.NO.Z.D,Tasa de Política Monetaria,DAILY,2023-10-23,9.5,2023,10,23,4
F022.TPM.TIN.D001.NO.Z.D,Tasa de Política Monetaria,DAILY,2023-10-24,9.5,2023,10,24,4
F022.TPM.TIN.D001.NO.Z.D,Tasa de Política Monetaria,DAILY,2023-10-25,9.5,2023,10,25,4
F022.TPM.TIN.D001.NO.Z.D,Tasa de Política Monetaria,DAILY,2023-10-26,9.5,2023,10,26,4
F022.TPM.TIN.D001.NO.Z.D,Tasa de Política Monetaria,DAILY,2023-10-30,9.0,2023,10,30,4
F022.TPM.TIN.D001.NO.Z.D,Tasa de Política Monetaria,DAILY,2023-10-31,9.0,2023,10,31,4
F022.TPM.TIN.D001.NO.Z.D,Tasa de Política Monetaria,DAILY,2023-11-02,9.0,2023,11,2,4
F022.TPM.TIN.D001.NO.Z.D,Tasa de Política Monetaria,DAILY,2023-11-03,9.0,2023,11,3,4
F022.TPM.TIN.D001.NO.Z.D,Tasa de Política Monetaria,DAILY,2023-11-06,9.0,2023,11,6,4
F022.TPM.TIN.D001.NO.Z.D,Tasa de Política Monetaria,DAILY,2023-11-07,9.0,2023,11,7,4
F022.TPM.TIN.D001.NO.Z.D,Tasa de Política Monetaria,DAILY,2023-11-08,9.0,2023,11,8,4
F022.TPM.TIN.D001.NO.Z.D,Tasa de Política Monetaria,DAILY,2023-11-09,9.0,2023,11,9,4
F022.TPM.TIN.D001.NO.Z.D,Tasa de Política Monetaria,DAILY,2023-11-10,9.0,2023,11,10,4
F022.TPM.TIN.D001.NO.Z.D,Tasa de Política Monetaria,DAILY,2023-11-13,9.0,2023,11,13,4
F022.TPM.TIN.D001.NO.Z.D,Tasa de Política Monetaria,DAILY,2023-11-14,9.0,2023,11,14,4
F022.TPM.TIN.D001.NO.Z.D,Tasa de Política Monetaria,DAILY,2023-11-15,9.0,2023,11,15,4
F022.TPM.TIN.D001.NO.Z.D,Tasa de Política Monetaria,DAILY,2023-11-16,9.0,2023,11,16,4
F022.TPM.TIN.D001.NO.Z.D,Tasa de Política Monetaria,DAILY,2023-11-17,9.0,2023,11,17,4
F022.TPM.TIN.D001.NO.Z.D,Tasa de Política Monetaria,DAILY,2023-11-20,9.0,2023,11,20,4
F022.TPM.TIN.D001.NO.Z.D,Tasa de Política Monetaria,DAILY,2023-11-21,9.0,2023,11,21,4
F022.TPM.TIN.D001.NO.Z.D,Tasa de Política Monetaria,DAILY,2023-11-22,9.0,2023,11,22,4
F022.TPM.TIN.D001.NO.Z.D,Tasa de Política Monetaria,DAILY,2023-11-23,9.0,2023,11,23,4
F022.TPM.TIN.D001.NO.Z.D,Tasa de Política Monetaria,DAILY,2023-11-24,9.0,2023,11,24,4
F022.TPM.TIN.D001.NO.Z.D,Tasa de Política Monetaria,DAILY,2023-11-27,9.0,2023,11,27,4
F022.TPM.TIN.D001.NO.Z.D,Tasa de Política Monetaria,DAILY,2023-11-28,9.0,2023,11,28,4
F022.TPM.TIN.D001.NO.Z.D,Tasa de Política Monetaria,DAILY,2023-11-29,9.0,2023,11,29,4
F022.TPM.TIN.D001.NO.Z.D,Tasa de Política Monetaria,DAILY,2023-11-30,9.0,2023,11,30,4
F022.TPM.TIN.D001.NO.Z.D,Tasa de Política Monetaria,DAILY,2023-12-01,9.0,2023,12,1,4
F022.TPM.TIN.D001.NO.Z.D,Tasa de Política Monetaria,DAILY,2023-12-04,9.0,2023,12,4,4
F022.TPM.TIN.D001.NO.Z.D,Tasa de Política Monetaria,DAILY,2023-12-05,9.0,2023,12,5,4
F022.TPM.TIN.D001.NO.Z.D,Tasa de Política Monetaria,DAILY,2023-12-06,9.0,2023,12,6,4
F022.TPM.TIN.D001.NO.Z.D,Tasa de Política Monetaria,DAILY,2023-12-07,9.0,2023,12,7,4
F022.TPM.TIN.D001.NO.Z.D,Tasa de Política Monetaria,DAILY,2023-12-11,9.0,2023,12,11,4
F022.TPM.TIN.D001.NO.Z.D,Tasa de Política Monetaria,DAILY,2023-12-12,9.0,2023,12,12,4
F022.TPM.TIN.D001.NO.Z.D,Tasa de Política Monetaria,DAILY,2023-12-13,9.0,2023,12,13,4
F022.TPM.TIN.D001.NO.Z.D,Tasa de Política Monetaria,DAILY,2023-12-14,9.0,2023,12,14,4
F022.TPM.TIN.D001.NO.Z.D,Tasa de Política Monetaria,DAILY,2023-12-15,9.0,2023,12,15,4
F022.TPM.TIN.D001.NO.Z.D,Tasa de Política Monetaria,DAILY,2023-12-18,9.0,2023,12,18,4
F022.TPM.TIN.D001.NO.Z.D,Tasa de Política Monetaria,DAILY,2023-12-19,9.0,2023,12,19,4
F022.TPM.TIN.D001.NO.Z.D,Tasa de Política Monetaria,DAILY,2023-12-20,8.25,2023,12,20,4
F022.TPM.TIN.D001.NO.Z.D,Tasa de Política Monetaria,DAILY,2023-12-21,8.25,2023,12,21,4
F022.TPM.TIN.D001.NO.Z.D,Tasa de Política Monetaria,DAILY,2023-12-22,8.25,2023,12,22,4
F022.TPM.TIN.D001.NO.Z.D,Tasa de Política Monetaria,DAILY,2023-12-26,8.25,2023,12,26,4
F022.TPM.TIN.D001.NO.Z.D,Tasa de Política Monetaria,DAILY,2023-12-27,8.25,2023,12,27,4
F022.TPM.TIN.D001.NO.Z.D,Tasa de Política Monetaria,DAILY,2023-12-28,8.25,2023,12,28,4
F022.TPM.TIN.D001.NO.Z.D,Tasa de Política Monetaria,DAILY,2023-12-29,8.25,2023,12,29,4
F022.TPM.TIN.D001.NO.Z.D,Tasa de Política Monetaria,DAILY,2024-01-02,8.25,2024,1,2,1
F022.TPM.TIN.D001.NO.Z.D,Tasa de Política Monetaria,DAILY,2024-01-03,8.25,2024,1,3,1
F022.TPM.TIN.D001.NO.Z.D,Tasa de Política Monetaria,DAILY,2024-01-04,8.25,2024,1,4,1
F022.TPM.TIN.D001.NO.Z.D,Tasa de Política Monetaria,DAILY,2024-01-05,8.25,2024,1,5,1
F022.TPM.TIN.D001.NO.Z.D,Tasa de Política Monetaria,DAILY,2024-01-08,8.25,2024,1,8,1
F022.TPM.TIN.D001.NO.Z.D,Tasa de Política Monetaria,DAILY,2024-01-09,8.25,2024,1,9,1
F022.TPM.TIN.D001.NO.Z.D,Tasa de Política Monetaria,DAILY,2024-01-10,8.25,2024,1,10,1
F022.TPM.TIN.D001.NO.Z.D,Tasa de Política Monetaria,DAILY,2024-01-11,8.25,2024,1,11,1
F022.TPM.TIN.D001.NO.Z.D,Tasa de Política Monetaria,DAILY,2024-01-12,8.25,2024,1,12,1
F022.TPM.TIN.D001.NO.Z.D,Tasa de Política Monetaria,DAILY,2024-01-15,8.25,2024,1,15,1
F022.TPM.TIN.D001.NO.Z.D,Tasa de Política Monetaria,DAILY,2024-01-16,8.25,2024,1,16,1
F022.TPM.TIN.D001.NO.Z.D,Tasa de Política Monetaria,DAILY,2024-01-17,8.25,2024,1,17,1
F022.TPM.TIN.D001.NO.Z.D,Tasa de Política Monetaria,DAILY,2024-01-18,8.25,2024,1,18,1
F022.TPM.TIN.D001.NO.Z.D,Tasa de Política Monetaria,DAILY,2024-01-19,8.25,2024,1,19,1
F022.TPM.TIN.D001.NO.Z.D,Tasa de Política Monetaria,DAILY,2024-01-22,8.25,2024,1,22,1
F022.TPM.TIN.D001.NO.Z.D,Tasa de Política Monetaria,DAILY,2024-01-23,8.25,2024,1,23,1
F022.TPM.TIN.D001.NO.Z.D,Tasa de Política Monetaria,DAILY,2024-01-24,8.25,2024,1,24,1
F022.TPM.TIN.D001.NO.Z.D,Tasa de Política Monetaria,DAILY,2024-01-25,8.25,2024,1,25,1
F022.TPM.TIN.D001.NO.Z.D,Tasa de Política Monetaria,DAILY,2024-01-26,8.25,2024,1,26,1
F022.TPM.TIN.D001.NO.Z.D,Tasa de Política Monetaria,DAILY,2024-01-29,8.25,2024,1,29,1
F022.TPM.TIN.D001.NO.Z.D,Tasa de Política Monetaria,DAILY,2024-01-30,8.25,2024,1,30,1
F022.TPM.TIN.D001.NO.Z.D,Tasa de Política Monetaria,DAILY,2024-01-31,8.25,2024,1,31,1
F022.TPM.TIN.D001.NO.Z.D,Tasa de Política Monetaria,DAILY,2024-02-01,7.25,2024,2,1,1
F022.TPM.TIN.D001.NO.Z.D,Tasa de Política Monetaria,DAILY,2024-02-02,7.25,2024,2,2,1
F022.TPM.TIN.D001.NO.Z.D,Tasa de Política Monetaria,DAILY,2024-02-05,7.25,2024,2,5,1
F022.TPM.TIN.D001.NO.Z.D,Tasa de Política Monetaria,DAILY,2024-02-06,7.25,2024,2,6,1
F022.TPM.TIN.D001.NO.Z.D,Tasa de Política Monetaria,DAILY,2024-02-07,7.25,2024,2,7,1
F022.TPM.TIN.D001.NO.Z.D,Tasa de Política Monetaria,DAILY,2024-02-08,7.25,2024,2,8,1
F022.TPM.TIN.D001.NO.Z.D,Tasa de Política Monetaria,DAILY,2024-02-09,7.25,2024,2,9,1
F022.TPM.TIN.D001.NO.Z.D,Tasa de Política Monetaria,DAILY,2024-02-12,7.25,2024,2,12,1
F022.TPM.TIN.D001.NO.Z.D,Tasa de Política Monetaria,DAILY,2024-02-13,7.25,2024,2,13,1
F022.TPM.TIN.D001.NO.Z.D,Tasa de Política Monetaria,DAILY,2024-02-14,7.25,2024,2,14,1
F022.TPM.TIN.D001.NO.Z.D,Tasa de Política Monetaria,DAILY,2024-02-15,7.25,2024,2,15,1
F022.TPM.TIN.D001.NO.Z.D,Tasa de Política Monetaria,DAILY,2024-02-16,7.25,2024,2,16,1
F022.TPM.TIN.D001.NO.Z.D,Tasa de Política Monetaria,DAILY,2024-02-19,7.25,2024,2,19,1
F022.TPM.TIN.D001.NO.Z.D,Tasa de Política Monetaria,DAILY,2024-02-20,7.25,2024,2,20,1
F022.TPM.TIN.D001.NO.Z.D,Tasa de Política Monetaria,DAILY,2024-02-21,7.25,2024,2,21,1
F022.TPM.TIN.D001.NO.Z.D,Tasa de Política Monetaria,DAILY,2024-02-22,7.25,2024,2,22,1
F022.TPM.TIN.D001.NO.Z.D,Tasa de Política Monetaria,DAILY,2024-02-23,7.25,2024,2,23,1
F022.TPM.TIN.D001.NO.Z.D,Tasa de Política Monetaria,DAILY,2024-02-26,7.25,2024,2,26,1
F022.TPM.TIN.D001.NO.Z.D,Tasa de Política Monetaria,DAILY,2024-02-27,7.25,2024,2,27,1
F022.TPM.TIN.D001.NO.Z.D,Tasa de Política Monetaria,DAILY,2024-02-28,7.25,2024,2,28,1
F022.TPM.TIN.D001.NO.Z.D,Tasa de Política Monetaria,DAILY,2024-02-29,7.25,2024,2,29,1
F022.TPM.TIN.D001.NO.Z.D,Tasa de Política Monetaria,DAILY,2024-03-01,7.25,2024,3,1,1
F022.TPM.TIN.D001.NO.Z.D,Tasa de Política Monetaria,DAILY,2024-03-04,7.25,2024,3,4,1
F022.TPM.TIN.D001.NO.Z.D,Tasa de Política Monetaria,DAILY,2024-03-05,7.25,2024,3,5,1
F022.TPM.TIN.D001.NO.Z.D,Tasa de Política Monetaria,DAILY,2024-03-06,7.25,2024,3,6,1
F022.TPM.TIN.D001.NO.Z.D,Tasa de Política Monetaria,DAILY,2024-03-07,7.25,2024,3,7,1
F022.TPM.TIN.D001.NO.Z.D,Tasa de Política Monetaria,DAILY,2024-03-08,7.25,2024,3,8,1
F022.TPM.TIN.D001.NO.Z.D,Tasa de Política Monetaria,DAILY,2024-03-11,7.25,2024,3,11,1
F022.TPM.TIN.D001.NO.Z.D,Tasa de Política Monetaria,DAILY,2024-03-12,7.25,2024,3,12,1
F022.TPM.TIN.D001.NO.Z.D,Tasa de Política Monetaria,DAILY,2024-03-13,7.25,2024,3,13,1
F022.TPM.TIN.D001.NO.Z.D,Tasa de Política Monetaria,DAILY,2024-03-14,7.25,2024,3,14,1
F022.TPM.TIN.D001.NO.Z.D,Tasa de Política Monetaria,DAILY,2024-03-15,7.25,2024,3,15,1
F022.TPM.TIN.D001.NO.Z.D,Tasa de Política Monetaria,DAILY,2024-03-18,7.25,2024,3,18,1
F022.TPM.TIN.D001.NO.Z.D,Tasa de Política Monetaria,DAILY,2024-03-19,7.25,2024,3,19,1
F022.TPM.TIN.D001.NO.Z.D,Tasa de Política Monetaria,DAILY,2024-03-20,7.25,2024,3,20,1
F022.TPM.TIN.D001.NO.Z.D,Tasa de Política Monetaria,DAILY,2024-03-21,7.25,2024,3,21,1
F022.TPM.TIN.D001.NO.Z.D,Tasa de Política Monetaria,DAILY,2024-03-22,7.25,2024,3,22,1
F022.TPM.TIN.D001.NO.Z.D,Tasa de Política Monetaria,DAILY,2024-03-25,7.25,2024,3,25,1
F022.TPM.TIN.D001.NO.Z.D,Tasa de Política Monetaria,DAILY,2024-03-26,7.25,2024,3,26,1
F022.TPM.TIN.D001.NO.Z.D,Tasa de Política Monetaria,DAILY,2024-03-27,7.25,2024,3,27,1
F022.TPM.TIN.D001.NO.Z.D,Tasa de Política Monetaria,DAILY,2024-03-28,7.25,2024,3,28,1
F022.TPM.TIN.D001.NO.Z.D,Tasa de Política Monetaria,DAILY,2024-04-01,7.25,2024,4,1,2
F022.TPM.TIN.D001.NO.Z.D,Tasa de Política Monetaria,DAILY,2024-04-02,7.25,2024,4,2,2
F022.TPM.TIN.D001.NO.Z.D,Tasa de Política Monetaria,DAILY,2024-04-03,6.5,2024,4,3,2
F022.TPM.TIN.D001.NO.Z.D,Tasa de Política Monetaria,DAILY,2024-04-04,6.5,2024,4,4,2
F022.TPM.TIN.D001.NO.Z.D,Tasa de Política Monetaria,DAILY,2024-04-05,6.5,2024,4,5,2
F022.TPM.TIN.D001.NO.Z.D,Tasa de Política Monetaria,DAILY,2024-04-08,6.5,2024,4,8,2
F022.TPM.TIN.D001.NO.Z.D,Tasa de Política Monetaria,DAILY,2024-04-09,6.5,2024,4,9,2
F022.TPM.TIN.D001.NO.Z.D,Tasa de Política Monetaria,DAILY,2024-04-10,6.5,2024,4,10,2
F022.TPM.TIN.D001.NO.Z.D,Tasa de Política Monetaria,DAILY,2024-04-11,6.5,2024,4,11,2
F022.TPM.TIN.D001.NO.Z.D,Tasa de Política Monetaria,DAILY,2024-04-12,6.5,2024,4,12,2
F022.TPM.TIN.D001.NO.Z.D,Tasa de Política Monetaria,DAILY,2024-04-15,6.5,2024,4,15,2
F022.TPM.TIN.D001.NO.Z.D,Tasa de Política Monetaria,DAILY,2024-04-16,6.5,2024,4,16,2
F022.TPM.TIN.D001.NO.Z.D,Tasa de Política Monetaria,DAILY,2024-04-17,6.5,2024,4,17,2
F022.TPM.TIN.D001.NO.Z.D,Tasa de Política Monetaria,DAILY,2024-04-18,6.5,2024,4,18,2
F022.TPM.TIN.D001.NO.Z.D,Tasa de Política Monetaria,DAILY,2024-04-19,6.5,2024,4,19,2
F022.TPM.TIN.D001.NO.Z.D,Tasa de Política Monetaria,DAILY,2024-04-22,6.5,2024,4,22,2
F022.TPM.TIN.D001.NO.Z.D,Tasa de Política Monetaria,DAILY,2024-04-23,6.5,2024,4,23,2
F022.TPM.TIN.D001.NO.Z.D,Tasa de Política Monetaria,DAILY,2024-04-24,6.5,2024,4,24,2
F022.TPM.TIN.D001.NO.Z.D,Tasa de Política Monetaria,DAILY,2024-04-25,6.5,2024,4,25,2
F022.TPM.TIN.D001.NO.Z.D,Tasa de Política Monetaria,DAILY,2024-04-26,6.5,2024,4,26,2
F022.TPM.TIN.D001.NO.Z.D,Tasa de Política Monetaria,DAILY,2024-04-29,6.5,2024,4,29,2
F022.TPM.TIN.D001.NO.Z.D,Tasa de Política Monetaria,DAILY,2024-04-30,6.5,2024,4,30,2
F022.TPM.TIN.D001.NO.Z.D,Tasa de Política Monetaria,DAILY,2024-05-02,6.5,2024,5,2,2
F022.TPM.TIN.D001.NO.Z.D,Tasa de Política Monetaria,DAILY,2024-05-03,6.5,2024,5,3,2
F022.TPM.TIN.D001.NO.Z.D,Tasa de Política Monetaria,DAILY,2024-05-06,6.5,2024,5,6,2
F022.TPM.TIN.D001.NO.Z.D,Tasa de Política Monetaria,DAILY,2024-05-07,6.5,2024,5,7,2
F022.TPM.TIN.D001.NO.Z.D,Tasa de Política Monetaria,DAILY,2024-05-08,6.5,2024,5,8,2
F022.TPM.TIN.D001.NO.Z.D,Tasa de Política Monetaria,DAILY,2024-05-09,6.5,2024,5,9,2
F022.TPM.TIN.D001.NO.Z.D,Tasa de Política Monetaria,DAILY,2024-05-10,6.5,2024,5,10,2
F022.TPM.TIN.D001.NO.Z.D,Tasa de Política Monetaria,DAILY,2024-05-13,6.5,2024,5,13,2
F022.TPM.TIN.D001.NO.Z.D,Tasa de Política Monetaria,DAILY,2024-05-14,6.5,2024,5,14,2
F022.TPM.TIN.D001.NO.Z.D,Tasa de Política Monetaria,DAILY,2024-05-15,6.5,2024,5,15,2
F022.TPM.TIN.D001.NO.Z.D,Tasa de Política Monetaria,DAILY,2024-05-16,6.5,2024,5,16,2
F022.TPM.TIN.D001.NO.Z.D,Tasa de Política Monetaria,DAILY,2024-05-17,6.5,2024,5,17,2
F022.TPM.TIN.D001.NO.Z.D,Tasa de Política Monetaria,DAILY,2024-05-20,6.5,2024,5,20,2
F022.TPM.TIN.D001.NO.Z.D,Tasa de Política Monetaria,DAILY,2024-05-22,6.5,2024,5,22,2
F022.TPM.TIN.D001.NO.Z.D,Tasa de Política Monetaria,DAILY,2024-05-23,6.5,2024,5,23,2
F022.TPM.TIN.D001.NO.Z.D,Tasa de Política Monetaria,DAILY,2024-05-24,6.0,2024,5,24,2
F022.TPM.TIN.D001.NO.Z.D,Tasa de Política Monetaria,DAILY,2024-05-27,6.0,2024,5,27,2
F022.TPM.TIN.D001.NO.Z.D,Tasa de Política Monetaria,DAILY,2024-05-28,6.0,2024,5,28,2
F022.TPM.TIN.D001.NO.Z.D,Tasa de Política Monetaria,DAILY,2024-05-29,6.0,2024,5,29,2
F022.TPM.TIN.D001.NO.Z.D,Tasa de Política Monetaria,DAILY,2024-05-30,6.0,2024,5,30,2
F022.TPM.TIN.D001.NO.Z.D,Tasa de Política Monetaria,DAILY,2024-05-31,6.0,2024,5,31,2
F022.TPM.TIN.D001.NO.Z.D,Tasa de Política Monetaria,DAILY,2024-06-03,6.0,2024,6,3,2
F022.TPM.TIN.D001.NO.Z.D,Tasa de Política Monetaria,DAILY,2024-06-04,6.0,2024,6,4,2
F022.TPM.TIN.D001.NO.Z.D,Tasa de Política Monetaria,DAILY,2024-06-05,6.0,2024,6,5,2
F022.TPM.TIN.D001.NO.Z.D,Tasa de Política Monetaria,DAILY,2024-06-06,6.0,2024,6,6,2
F022.TPM.TIN.D001.NO.Z.D,Tasa de Política Monetaria,DAILY,2024-06-07,6.0,2024,6,7,2
F022.TPM.TIN.D001.NO.Z.D,Tasa de Política Monetaria,DAILY,2024-06-10,6.0,2024,6,10,2
F022.TPM.TIN.D001.NO.Z.D,Tasa de Política Monetaria,DAILY,2024-06-11,6.0,2024,6,11,2
F022.TPM.TIN.D001.NO.Z.D,Tasa de Política Monetaria,DAILY,2024-06-12,6.0,2024,6,12,2
F022.TPM.TIN.D001.NO.Z.D,Tasa de Política Monetaria,DAILY,2024-06-13,6.0,2024,6,13,2
F022.TPM.TIN.D001.NO.Z.D,Tasa de Política Monetaria,DAILY,2024-06-14,6.0,2024,6,14,2
F022.TPM.TIN.D001.NO.Z.D,Tasa de Política Monetaria,DAILY,2024-06-17,6.0,2024,6,17,2
F022.TPM.TIN.D001.NO.Z.D,Tasa de Política Monetaria,DAILY,2024-06-18,6.0,2024,6,18,2
F022.TPM.TIN.D001.NO.Z.D,Tasa de Política Monetaria,DAILY,2024-06-19,5.75,2024,6,19,2
F022.TPM.TIN.D001.NO.Z.D,Tasa de Política Monetaria,DAILY,2024-06-21,5.75,2024,6,21,2
F022.TPM.TIN.D001.NO.Z.D,Tasa de Política Monetaria,DAILY,2024-06-24,5.75,2024,6,24,2
F022.TPM.TIN.D001.NO.Z.D,Tasa de Política Monetaria,DAILY,2024-06-25,5.75,2024,6,25,2
F022.TPM.TIN.D001.NO.Z.D,Tasa de Política Monetaria,DAILY,2024-06-26,5.75,2024,6,26,2
F022.TPM.TIN.D001.NO.Z.D,Tasa de Política Monetaria,DAILY,2024-06-27,5.75,2024,6,27,2
F022.TPM.TIN.D001.NO.Z.D,Tasa de Política Monetaria,DAILY,2024-06-28,5.75,2024,6,28,2
F022.TPM.TIN.D001.NO.Z.D,Tasa de Política Monetaria,DAILY,2024-07-01,5.75,2024,7,1,3
F022.TPM.TIN.D001.NO.Z.D,Tasa de Política Monetaria,DAILY,2024-07-02,5.75,2024,7,2,3
F022.TPM.TIN.D001.NO.Z.D,Tasa de Política Monetaria,DAILY,2024-07-03,5.75,2024,7,3,3
F022.TPM.TIN.D001.NO.Z.D,Tasa de Política Monetaria,DAILY,2024-07-04,5.75,2024,7,4,3
F022.TPM.TIN.D001.NO.Z.D,Tasa de Política Monetaria,DAILY,2024-07-05,5.75,2024,7,5,3
F022.TPM.TIN.D001.NO.Z.D,Tasa de Política Monetaria,DAILY,2024-07-08,5.75,2024,7,8,3
F022.TPM.TIN.D001.NO.Z.D,Tasa de Política Monetaria,DAILY,2024-07-09,5.75,2024,7,9,3
F022.TPM.TIN.D001.NO.Z.D,Tasa de Política Monetaria,DAILY,2024-07-10,5.75,2024,7,10,3
F022.TPM.TIN.D001.NO.Z.D,Tasa de Política Monetaria,DAILY,2024-07-11,5.75,2024,7,11,3
F022.TPM.TIN.D001.NO.Z.D,Tasa de Política Monetaria,DAILY,2024-07-12,5.75,2024,7,12,3
F022.TPM.TIN.D001.NO.Z.D,Tasa de Política Monetaria,DAILY,2024-07-15,5.75,2024,7,15,3
F022.TPM.TIN.D001.NO.Z.D,Tasa de Política Monetaria,DAILY,2024-07-17,5.75,2024,7,17,3
F022.TPM.TIN.D001.NO.Z.D,Tasa de Política Monetaria,DAILY,2024-07-18,5.75,2024,7,18,3
F022.TPM.TIN.D001.NO.Z.D,Tasa de Política Monetaria,DAILY,2024-07-19,5.75,2024,7,19,3
F022.TPM.TIN.D001.NO.Z.D,Tasa de Política Monetaria,DAILY,2024-07-22,5.75,2024,7,22,3
F022.TPM.TIN.D001.NO.Z.D,Tasa de Política Monetaria,DAILY,2024-07-23,5.75,2024,7,23,3
F022.TPM.TIN.D001.NO.Z.D,Tasa de Política Monetaria,DAILY,2024-07-24,5.75,2024,7,24,3
F022.TPM.TIN.D001.NO.Z.D,Tasa de Política Monetaria,DAILY,2024-07-25,5.75,2024,7,25,3
F022.TPM.TIN.D001.NO.Z.D,Tasa de Política Monetaria,DAILY,2024-07-26,5.75,2024,7,26,3
F022.TPM.TIN.D001.NO.Z.D,Tasa de Política Monetaria,DAILY,2024-07-29,5.75,2024,7,29,3
F022.TPM.TIN.D001.NO.Z.D,Tasa de Política Monetaria,DAILY,2024-07-30,5.75,2024,7,30,3
F022.TPM.TIN.D001.NO.Z.D,Tasa de Política Monetaria,DAILY,2024-07-31,5.75,2024,7,31,3
F022.TPM.TIN.D001.NO.Z.D,Tasa de Política Monetaria,DAILY,2024-08-01,5.75,2024,8,1,3
F022.TPM.TIN.D001.NO.Z.D,Tasa de Política Monetaria,DAILY,2024-08-02,5.75,2024,8,2,3
F022.TPM.TIN.D001.NO.Z.D,Tasa de Política Monetaria,DAILY,2024-08-05,5.75,2024,8,5,3
F022.TPM.TIN.D001.NO.Z.D,Tasa de Política Monetaria,DAILY,2024-08-06,5.75,2024,8,6,3
F022.TPM.TIN.D001.NO.Z.D,Tasa de Política Monetaria,DAILY,2024-08-07,5.75,2024,8,7,3
F022.TPM.TIN.D001.NO.Z.D,Tasa de Política Monetaria,DAILY,2024-08-08,5.75,2024,8,8,3
F022.TPM.TIN.D001.NO.Z.D,Tasa de Política Monetaria,DAILY,2024-08-09,5.75,2024,8,9,3
F022.TPM.TIN.D001.NO.Z.D,Tasa de Política Monetaria,DAILY,2024-08-12,5.75,2024,8,12,3
F022.TPM.TIN.D001.NO.Z.D,Tasa de Política Monetaria,DAILY,2024-08-13,5.75,2024,8,13,3
F022.TPM.TIN.D001.NO.Z.D,Tasa de Política Monetaria,DAILY,2024-08-14,5.75,2024,8,14,3
F022.TPM.TIN.D001.NO.Z.D,Tasa de Política Monetaria,DAILY,2024-08-16,5.75,2024,8,16,3
F022.TPM.TIN.D001.NO.Z.D,Tasa de Política Monetaria,DAILY,2024-08-19,5.75,2024,8,19,3
F022.TPM.TIN.D001.NO.Z.D,Tasa de Política Monetaria,DAILY,2024-08-20,5.75,2024,8,20,3
F022.TPM.TIN.D001.NO.Z.D,Tasa de Política Monetaria,DAILY,2024-08-21,5.75,2024,8,21,3
F022.TPM.TIN.D001.NO.Z.D,Tasa de Política Monetaria,DAILY,2024-08-22,5.75,2024,8,22,3
F022.TPM.TIN.D001.NO.Z.D,Tasa de Política Monetaria,DAILY,2024-08-23,5.75,2024,8,23,3
F022.TPM.TIN.D001.NO.Z.D,Tasa de Política Monetaria,DAILY,2024-08-26,5.75,2024,8,26,3
F022.TPM.TIN.D001.NO.Z.D,Tasa de Política Monetaria,DAILY,2024-08-27,5.75,2024,8,27,3
F022.TPM.TIN.D001.NO.Z.D,Tasa de Política Monetaria,DAILY,2024-08-28,5.75,2024,8,28,3
F022.TPM.TIN.D001.NO.Z.D,Tasa de Política Monetaria,DAILY,2024-08-29,5.75,2024,8,29,3
F022.TPM.TIN.D001.NO.Z.D,Tasa de Política Monetaria,DAILY,2024-08-30,5.75,2024,8,30,3
F022.TPM.TIN.D001.NO.Z.D,Tasa de Política Monetaria,DAILY,2024-09-02,5.75,2024,9,2,3
F022.TPM.TIN.D001.NO.Z.D,Tasa de Política Monetaria,DAILY,2024-09-03,5.75,2024,9,3,3
F022.TPM.TIN.D001.NO.Z.D,Tasa de Política Monetaria,DAILY,2024-09-04,5.5,2024,9,4,3
F022.TPM.TIN.D001.NO.Z.D,Tasa de Política Monetaria,DAILY,2024-09-05,5.5,2024,9,5,3
F022.TPM.TIN.D001.NO.Z.D,Tasa de Política Monetaria,DAILY,2024-09-06,5.5,2024,9,6,3
F022.TPM.TIN.D001.NO.Z.D,Tasa de Política Monetaria,DAILY,2024-09-09,5.5,2024,9,9,3
F022.TPM.TIN.D001.NO.Z.D,Tasa de Política Monetaria,DAILY,2024-09-10,5.5,2024,9,10,3
F022.TPM.TIN.D001.NO.Z.D,Tasa de Política Monetaria,DAILY,2024-09-11,5.5,2024,9,11,3
F022.TPM.TIN.D001.NO.Z.D,Tasa de Política Monetaria,DAILY,2024-09-12,5.5,2024,9,12,3
F022.TPM.TIN.D001.NO.Z.D,Tasa de Política Monetaria,DAILY,2024-09-13,5.5,2024,9,13,3
F022.TPM.TIN.D001.NO.Z.D,Tasa de Política Monetaria,DAILY,2024-09-16,5.5,2024,9,16,3
F022.TPM.TIN.D001.NO.Z.D,Tasa de Política Monetaria,DAILY,2024-09-17,5.5,2024,9,17,3
F022.TPM.TIN.D001.NO.Z.D,Tasa de Política Monetaria,DAILY,2024-09-23,5.5,2024,9,23,3
F022.TPM.TIN.D001.NO.Z.D,Tasa de Política Monetaria,DAILY,2024-09-24,5.5,2024,9,24,3
F022.TPM.TIN.D001.NO.Z.D,Tasa de Política Monetaria,DAILY,2024-09-25,5.5,2024,9,25,3
F022.TPM.TIN.D001.NO.Z.D,Tasa de Política Monetaria,DAILY,2024-09-26,5.5,2024,9,26,3
F022.TPM.TIN.D001.NO.Z.D,Tasa de Política Monetaria,DAILY,2024-09-27,5.5,2024,9,27,3
F022.TPM.TIN.D001.NO.Z.D,Tasa de Política Monetaria,DAILY,2024-09-30,5.5,2024,9,30,3
F022.TPM.TIN.D001.NO.Z.D,Tasa de Política Monetaria,DAILY,2024-10-01,5.5,2024,10,1,4
F022.TPM.TIN.D001.NO.Z.D,Tasa de Política Monetaria,DAILY,2024-10-02,5.5,2024,10,2,4
F022.TPM.TIN.D001.NO.Z.D,Tasa de Política Monetaria,DAILY,2024-10-03,5.5,2024,10,3,4
F022.TPM.TIN.D001.NO.Z.D,Tasa de Política Monetaria,DAILY,2024-10-04,5.5,2024,10,4,4
F022.TPM.TIN.D001.NO.Z.D,Tasa de Política Monetaria,DAILY,2024-10-07,5.5,2024,10,7,4
F022.TPM.TIN.D001.NO.Z.D,Tasa de Política Monetaria,DAILY,2024-10-08,5.5,2024,10,8,4
F022.TPM.TIN.D001.NO.Z.D,Tasa de Política Monetaria,DAILY,2024-10-09,5.5,2024,10,9,4
F022.TPM.TIN.D001.NO.Z.D,Tasa de Política Monetaria,DAILY,2024-10-10,5.5,2024,10,10,4
F022.TPM.TIN.D001.NO.Z.D,Tasa de Política Monetaria,DAILY,2024-10-11,5.5,2024,10,11,4
F022.TPM.TIN.D001.NO.Z.D,Tasa de Política Monetaria,DAILY,2024-10-14,5.5,2024,10,14,4
F022.TPM.TIN.D001.NO.Z.D,Tasa de Política Monetaria,DAILY,2024-10-15,5.5,2024,10,15,4
F022.TPM.TIN.D001.NO.Z.D,Tasa de Política Monetaria,DAILY,2024-10-16,5.5,2024,10,16,4
F022.TPM.TIN.D001.NO.Z.D,Tasa de Política Monetaria,DAILY,2024-10-17,5.5,2024,10,17,4
F022.TPM.TIN.D001.NO.Z.D,Tasa de Política Monetaria,DAILY,2024-10-18,5.25,2024,10,18,4
F022.TPM.TIN.D001.NO.Z.D,Tasa de Política Monetaria,DAILY,2024-10-21,5.25,2024,10,21,4
F022.TPM.TIN.D001.NO.Z.D,Tasa de Política Monetaria,DAILY,2024-10-22,5.25,2024,10,22,4
F022.TPM.TIN.D001.NO.Z.D,Tasa de Política Monetaria,DAILY,2024-10-23,5.25,2024,10,23,4
F022.TPM.TIN.D001.NO.Z.D,Tasa de Política Monetaria,DAILY,2024-10-24,5.25,2024,10,24,4
F022.TPM.TIN.D001.NO.Z.D,Tasa de Política Monetaria,DAILY,2024-10-25,5.25,2024,10,25,4
F022.TPM.TIN.D001.NO.Z.D,Tasa de Política Monetaria,DAILY,2024-10-28,5.25,2024,10,28,4
F022.TPM.TIN.D001.NO.Z.D,Tasa de Política Monetaria,DAILY,2024-10-29,5.25,2024,10,29,4
F022.TPM.TIN.D001.NO.Z.D,Tasa de Política Monetaria,DAILY,2024-10-30,5.25,2024,10,30,4
F022.TPM.TIN.D001.NO.Z.D,Tasa de Política Monetaria,DAILY,2024-11-04,5.25,2024,11,4,4
F022.TPM.TIN.D001.NO.Z.D,Tasa de Política Monetaria,DAILY,2024-11-05,5.25,2024,11,5,4
F022.TPM.TIN.D001.NO.Z.D,Tasa de Política Monetaria,DAILY,2024-11-06,5.25,2024,11,6,4
F022.TPM.TIN.D001.NO.Z.D,Tasa de Política Monetaria,DAILY,2024-11-07,5.25,2024,11,7,4
F022.TPM.TIN.D001.NO.Z.D,Tasa de Política Monetaria,DAILY,2024-11-08,5.25,2024,11,8,4
F022.TPM.TIN.D001.NO.Z.D,Tasa de Política Monetaria,DAILY,2024-11-11,5.25,2024,11,11,4
F022.TPM.TIN.D001.NO.Z.D,Tasa de Política Monetaria,DAILY,2024-11-12,5.25,2024,11,12,4
F022.TPM.TIN.D001.NO.Z.D,Tasa de Política Monetaria,DAILY,2024-11-13,5.25,2024,11,13,4
F022.TPM.TIN.D001.NO.Z.D,Tasa de Política Monetaria,DAILY,2024-11-14,5.25,2024,11,14,4
F022.TPM.TIN.D001.NO.Z.D,Tasa de Política Monetaria,DAILY,2024-11-15,5.25,2024,11,15,4
F022.TPM.TIN.D001.NO.Z.D,Tasa de Política Monetaria,DAILY,2024-11-18,5.25,2024,11,18,4
F022.TPM.TIN.D001.NO.Z.D,Tasa de Política Monetaria,DAILY,2024-11-19,5.25,2024,11,19,4
F022.TPM.TIN.D001.NO.Z.D,Tasa de Política Monetaria,DAILY,2024-11-20,5.25,2024,11,20,4
F022.TPM.TIN.D001.NO.Z.D,Tasa de Política Monetaria,DAILY,2024-11-21,5.25,2024,11,21,4
F022.TPM.TIN.D001.NO.Z.D,Tasa de Política Monetaria,DAILY,2024-11-22,5.25,2024,11,22,4
F022.TPM.TIN.D001.NO.Z.D,Tasa de Política Monetaria,DAILY,2024-11-25,5.25,2024,11,25,4
F022.TPM.TIN.D001.NO.Z.D,Tasa de Política Monetaria,DAILY,2024-11-26,5.25,2024,11,26,4
F022.TPM.TIN.D001.NO.Z.D,Tasa de Política Monetaria,DAILY,2024-11-27,5.25,2024,11,27,4
F022.TPM.TIN.D001.NO.Z.D,Tasa de Política Monetaria,DAILY,2024-11-28,5.25,2024,11,28,4
F022.TPM.TIN.D001.NO.Z.D,Tasa de Política Monetaria,DAILY,2024-11-29,5.25,2024,11,29,4
F022.TPM.TIN.D001.NO.Z.D,Tasa de Política Monetaria,DAILY,2024-12-02,5.25,2024,12,2,4
F022.TPM.TIN.D001.NO.Z.D,Tasa de Política Monetaria,DAILY,2024-12-03,5.25,2024,12,3,4
F022.TPM.TIN.D001.NO.Z.D,Tasa de Política Monetaria,DAILY,2024-12-04,5.25,2024,12,4,4
F022.TPM.TIN.D001.NO.Z.D,Tasa de Política Monetaria,DAILY,2024-12-05,5.25,2024,12,5,4
F022.TPM.TIN.D001.NO.Z.D,Tasa de Política Monetaria,DAILY,2024-12-06,5.25,2024,12,6,4
F022.TPM.TIN.D001.NO.Z.D,Tasa de Política Monetaria,DAILY,2024-12-09,5.25,2024,12,9,4
F022.TPM.TIN.D001.NO.Z.D,Tasa de Política Monetaria,DAILY,2024-12-10,5.25,2024,12,10,4
F022.TPM.TIN.D001.NO.Z.D,Tasa de Política Monetaria,DAILY,2024-12-11,5.25,2024,12,11,4
F022.TPM.TIN.D001.NO.Z.D,Tasa de Política Monetaria,DAILY,2024-12-12,5.25,2024,12,12,4
F022.TPM.TIN.D001.NO.Z.D,Tasa de Política Monetaria,DAILY,2024-12-13,5.25,2024,12,13,4
F022.TPM.TIN.D001.NO.Z.D,Tasa de Política Monetaria,DAILY,2024-12-16,5.25,2024,12,16,4
F022.TPM.TIN.D001.NO.Z.D,Tasa de Política Monetaria,DAILY,2024-12-17,5.25,2024,12,17,4
F022.TPM.TIN.D001.NO.Z.D,Tasa de Política Monetaria,DAILY,2024-12-18,5.0,2024,12,18,4
F022.TPM.TIN.D001.NO.Z.D,Tasa de Política Monetaria,DAILY,2024-12-19,5.0,2024,12,19,4
F022.TPM.TIN.D001.NO.Z.D,Tasa de Política Monetaria,DAILY,2024-12-20,5.0,2024,12,20,4
F022.TPM.TIN.D001.NO.Z.D,Tasa de Política Monetaria,DAILY,2024-12-23,5.0,2024,12,23,4
F022.TPM.TIN.D001.NO.Z.D,Tasa de Política Monetaria,DAILY,2024-12-24,5.0,2024,12,24,4
F022.TPM.TIN.D001.NO.Z.D,Tasa de Política Monetaria,DAILY,2024-12-26,5.0,2024,12,26,4
F022.TPM.TIN.D001.NO.Z.D,Tasa de Política Monetaria,DAILY,2024-12-27,5.0,2024,12,27,4
F022.TPM.TIN.D001.NO.Z.D,Tasa de Política Monetaria,DAILY,2024-12-30,5.0,2024,12,30,4
F022.TPM.TIN.D001.NO.Z.D,Tasa de Política Monetaria,DAILY,2025-01-02,5.0,2025,1,2,1
F022.TPM.TIN.D001.NO.Z.D,Tasa de Política Monetaria,DAILY,2025-01-03,5.0,2025,1,3,1
F022.TPM.TIN.D001.NO.Z.D,Tasa de Política Monetaria,DAILY,2025-01-06,5.0,2025,1,6,1
F022.TPM.TIN.D001.NO.Z.D,Tasa de Política Monetaria,DAILY,2025-01-07,5.0,2025,1,7,1
F022.TPM.TIN.D001.NO.Z.D,Tasa de Política Monetaria,DAILY,2025-01-08,5.0,2025,1,8,1
F022.TPM.TIN.D001.NO.Z.D,Tasa de Política Monetaria,DAILY,2025-01-09,5.0,2025,1,9,1
F022.TPM.TIN.D001.NO.Z.D,Tasa de Política Monetaria,DAILY,2025-01-10,5.0,2025,1,10,1
F022.TPM.TIN.D001.NO.Z.D,Tasa de Política Monetaria,DAILY,2025-01-13,5.0,2025,1,13,1
F022.TPM.TIN.D001.NO.Z.D,Tasa de Política Monetaria,DAILY,2025-01-14,5.0,2025,1,14,1
F022.TPM.TIN.D001.NO.Z.D,Tasa de Política Monetaria,DAILY,2025-01-15,5.0,2025,1,15,1
F022.TPM.TIN.D001.NO.Z.D,Tasa de Política Monetaria,DAILY,2025-01-16,5.0,2025,1,16,1
F022.TPM.TIN.D001.NO.Z.D,Tasa de Política Monetaria,DAILY,2025-01-17,5.0,2025,1,17,1
F022.TPM.TIN.D001.NO.Z.D,Tasa de Política Monetaria,DAILY,2025-01-20,5.0,2025,1,20,1
F022.TPM.TIN.D001.NO.Z.D,Tasa de Política Monetaria,DAILY,2025-01-21,5.0,2025,1,21,1
F022.TPM.TIN.D001.NO.Z.D,Tasa de Política Monetaria,DAILY,2025-01-22,5.0,2025,1,22,1
F022.TPM.TIN.D001.NO.Z.D,Tasa de Política Monetaria,DAILY,2025-01-23,5.0,2025,1,23,1
F022.TPM.TIN.D001.NO.Z.D,Tasa de Política Monetaria,DAILY,2025-01-24,5.0,2025,1,24,1
F022.TPM.TIN.D001.NO.Z.D,Tasa de Política Monetaria,DAILY,2025-01-27,5.0,2025,1,27,1
F022.TPM.TIN.D001.NO.Z.D,Tasa de Política Monetaria,DAILY,2025-01-28,5.0,2025,1,28,1
F022.TPM.TIN.D001.NO.Z.D,Tasa de Política Monetaria,DAILY,2025-01-29,5.0,2025,1,29,1
F022.TPM.TIN.D001.NO.Z.D,Tasa de Política Monetaria,DAILY,2025-01-30,5.0,2025,1,30,1
F022.TPM.TIN.D001.NO.Z.D,Tasa de Política Monetaria,DAILY,2025-01-31,5.0,2025,1,31,1
F022.TPM.TIN.D001.NO.Z.D,Tasa de Política Monetaria,DAILY,2025-02-03,5.0,2025,2,3,1
F022.TPM.TIN.D001.NO.Z.D,Tasa de Política Monetaria,DAILY,2025-02-04,5.0,2025,2,4,1
F022.TPM.TIN.D001.NO.Z.D,Tasa de Política Monetaria,DAILY,2025-02-05,5.0,2025,2,5,1
F022.TPM.TIN.D001.NO.Z.D,Tasa de Política Monetaria,DAILY,2025-02-06,5.0,2025,2,6,1
F022.TPM.TIN.D001.NO.Z.D,Tasa de Política Monetaria,DAILY,2025-02-07,5.0,2025,2,7,1
F022.TPM.TIN.D001.NO.Z.D,Tasa de Política Monetaria,DAILY,2025-02-10,5.0,2025,2,10,1
F022.TPM.TIN.D001.NO.Z.D,Tasa de Política Monetaria,DAILY,2025-02-11,5.0,2025,2,11,1
F022.TPM.TIN.D001.NO.Z.D,Tasa de Política Monetaria,DAILY,2025-02-12,5.0,2025,2,12,1
F022.TPM.TIN.D001.NO.Z.D,Tasa de Política Monetaria,DAILY,2025-02-13,5.0,2025,2,13,1
F022.TPM.TIN.D001.NO.Z.D,Tasa de Política Monetaria,DAILY,2025-02-14,5.0,2025,2,14,1
F022.TPM.TIN.D001.NO.Z.D,Tasa de Política Monetaria,DAILY,2025-02-17,5.0,2025,2,17,1
F022.TPM.TIN.D001.NO.Z.D,Tasa de Política Monetaria,DAILY,2025-02-18,5.0,2025,2,18,1
F022.TPM.TIN.D001.NO.Z.D,Tasa de Política Monetaria,DAILY,2025-02-19,5.0,2025,2,19,1
F022.TPM.TIN.D001.NO.Z.D,Tasa de Política Monetaria,DAILY,2025-02-20,5.0,2025,2,20,1
F022.TPM.TIN.D001.NO.Z.D,Tasa de Política Monetaria,DAILY,2025-02-21,5.0,2025,2,21,1
F022.TPM.TIN.D001.NO.Z.D,Tasa de Política Monetaria,DAILY,2025-02-24,5.0,2025,2,24,1
F022.TPM.TIN.D001.NO.Z.D,Tasa de Política Monetaria,DAILY,2025-02-25,5.0,2025,2,25,1
F022.TPM.TIN.D001.NO.Z.D,Tasa de Política Monetaria,DAILY,2025-02-26,5.0,2025,2,26,1
F022.TPM.TIN.D001.NO.Z.D,Tasa de Política Monetaria,DAILY,2025-02-27,5.0,2025,2,27,1
F022.TPM.TIN.D001.NO.Z.D,Tasa de Política Monetaria,DAILY,2025-02-28,5.0,2025,2,28,1
F022.TPM.TIN.D001.NO.Z.D,Tasa de Política Monetaria,DAILY,2025-03-03,5.0,2025,3,3,1
F022.TPM.TIN.D001.NO.Z.D,Tasa de Política Monetaria,DAILY,2025-03-04,5.0,2025,3,4,1
F022.TPM.TIN.D001.NO.Z.D,Tasa de Política Monetaria,DAILY,2025-03-05,5.0,2025,3,5,1
F022.TPM.TIN.D001.NO.Z.D,Tasa de Política Monetaria,DAILY,2025-03-06,5.0,2025,3,6,1
F022.TPM.TIN.D001.NO.Z.D,Tasa de Política Monetaria,DAILY,2025-03-07,5.0,2025,3,7,1
F022.TPM.TIN.D001.NO.Z.D,Tasa de Política Monetaria,DAILY,2025-03-10,5.0,2025,3,10,1
F022.TPM.TIN.D001.NO.Z.D,Tasa de Política Monetaria,DAILY,2025-03-11,5.0,2025,3,11,1
F022.TPM.TIN.D001.NO.Z.D,Tasa de Política Monetaria,DAILY,2025-03-12,5.0,2025,3,12,1
F022.TPM.TIN.D001.NO.Z.D,Tasa de Política Monetaria,DAILY,2025-03-13,5.0,2025,3,13,1
F022.TPM.TIN.D001.NO.Z.D,Tasa de Política Monetaria,DAILY,2025-03-14,5.0,2025,3,14,1
F022.TPM.TIN.D001.NO.Z.D,Tasa de Política Monetaria,DAILY,2025-03-17,5.0,2025,3,17,1
F022.TPM.TIN.D001.NO.Z.D,Tasa de Política Monetaria,DAILY,2025-03-18,5.0,2025,3,18,1
F022.TPM.TIN.D001.NO.Z.D,Tasa de Política Monetaria,DAILY,2025-03-19,5.0,2025,3,19,1
F022.TPM.TIN.D001.NO.Z.D,Tasa de Política Monetaria,DAILY,2025-03-20,5.0,2025,3,20,1
F022.TPM.TIN.D001.NO.Z.D,Tasa de Política Monetaria,DAILY,2025-03-21,5.0,2025,3,21,1
F022.TPM.TIN.D001.NO.Z.D,Tasa de Política Monetaria,DAILY,2025-03-24,5.0,2025,3,24,1
F022.TPM.TIN.D001.NO.Z.D,Tasa de Política Monetaria,DAILY,2025-03-25,5.0,2025,3,25,1
F022.TPM.TIN.D001.NO.Z.D,Tasa de Política Monetaria,DAILY,2025-03-26,5.0,2025,3,26,1
F022.TPM.TIN.D001.NO.Z.D,Tasa de Política Monetaria,DAILY,2025-03-27,5.0,2025,3,27,1
F022.TPM.TIN.D001.NO.Z.D,Tasa de Política Monetaria,DAILY,2025-03-28,5.0,2025,3,28,1
F022.TPM.TIN.D001.NO.Z.D,Tasa de Política Monetaria,DAILY,2025-03-31,5.0,2025,3,31,1
F022.TPM.TIN.D001.NO.Z.D,Tasa de Política Monetaria,DAILY,2025-04-01,5.0,2025,4,1,2
F022.TPM.TIN.D001.NO.Z.D,Tasa de Política Monetaria,DAILY,2025-04-02,5.0,2025,4,2,2
F022.TPM.TIN.D001.NO.Z.D,Tasa de Política Monetaria,DAILY,2025-04-03,5.0,2025,4,3,2
F022.TPM.TIN.D001.NO.Z.D,Tasa de Política Monetaria,DAILY,2025-04-04,5.0,2025,4,4,2
F022.TPM.TIN.D001.NO.Z.D,Tasa de Política Monetaria,DAILY,2025-04-07,5.0,2025,4,7,2
F022.TPM.TIN.D001.NO.Z.D,Tasa de Política Monetaria,DAILY,2025-04-08,5.0,2025,4,8,2
F022.TPM.TIN.D001.NO.Z.D,Tasa de Política Monetaria,DAILY,2025-04-09,5.0,2025,4,9,2
F022.TPM.TIN.D001.NO.Z.D,Tasa de Política Monetaria,DAILY,2025-04-10,5.0,2025,4,10,2
F022.TPM.TIN.D001.NO.Z.D,Tasa de Política Monetaria,DAILY,2025-04-11,5.0,2025,4,11,2
F022.TPM.TIN.D001.NO.Z.D,Tasa de Política Monetaria,DAILY,2025-04-14,5.0,2025,4,14,2
F022.TPM.TIN.D001.NO.Z.D,Tasa de Política Monetaria,DAILY,2025-04-15,5.0,2025,4,15,2
F022.TPM.TIN.D001.NO.Z.D,Tasa de Política Monetaria,DAILY,2025-04-16,5.0,2025,4,16,2
F022.TPM.TIN.D001.NO.Z.D,Tasa de Política Monetaria,DAILY,2025-04-17,5.0,2025,4,17,2
F022.TPM.TIN.D001.NO.Z.D,Tasa de Política Monetaria,DAILY,2025-04-21,5.0,2025,4,21,2
F022.TPM.TIN.D001.NO.Z.D,Tasa de Política Monetaria,DAILY,2025-04-22,5.0,2025,4,22,2
F022.TPM.TIN.D001.NO.Z.D,Tasa de Política Monetaria,DAILY,2025-04-23,5.0,2025,4,23,2
F022.TPM.TIN.D001.NO.Z.D,Tasa de Política Monetaria,DAILY,2025-04-24,5.0,2025,4,24,2
F022.TPM.TIN.D001.NO.Z.D,Tasa de Política Monetaria,DAILY,2025-04-25,5.0,2025,4,25,2
F022.TPM.TIN.D001.NO.Z.D,Tasa de Política Monetaria,DAILY,2025-04-28,5.0,2025,4,28,2
F022.TPM.TIN.D001.NO.Z.D,Tasa de Política Monetaria,DAILY,2025-04-29,5.0,2025,4,29,2
F022.TPM.TIN.D001.NO.Z.D,Tasa de Política Monetaria,DAILY,2025-04-30,5.0,2025,4,30,2
F022.TPM.TIN.D001.NO.Z.D,Tasa de Política Monetaria,DAILY,2025-05-02,5.0,2025,5,2,2
F022.TPM.TIN.D001.NO.Z.D,Tasa de Política Monetaria,DAILY,2025-05-05,5.0,2025,5,5,2
F022.TPM.TIN.D001.NO.Z.D,Tasa de Política Monetaria,DAILY,2025-05-06,5.0,2025,5,6,2
F022.TPM.TIN.D001.NO.Z.D,Tasa de Política Monetaria,DAILY,2025-05-07,5.0,2025,5,7,2
F022.TPM.TIN.D001.NO.Z.D,Tasa de Política Monetaria,DAILY,2025-05-08,5.0,2025,5,8,2
F022.TPM.TIN.D001.NO.Z.D,Tasa de Política Monetaria,DAILY,2025-05-09,5.0,2025,5,9,2
F022.TPM.TIN.D001.NO.Z.D,Tasa de Política Monetaria,DAILY,2025-05-12,5.0,2025,5,12,2
F022.TPM.TIN.D001.NO.Z.D,Tasa de Política Monetaria,DAILY,2025-05-13,5.0,2025,5,13,2
F022.TPM.TIN.D001.NO.Z.D,Tasa de Política Monetaria,DAILY,2025-05-14,5.0,2025,5,14,2
F022.TPM.TIN.D001.NO.Z.D,Tasa de Política Monetaria,DAILY,2025-05-15,5.0,2025,5,15,2
F022.TPM.TIN.D001.NO.Z.D,Tasa de Política Monetaria,DAILY,2025-05-16,5.0,2025,5,16,2
F022.TPM.TIN.D001.NO.Z.D,Tasa de Política Monetaria,DAILY,2025-05-19,5.0,2025,5,19,2
F022.TPM.TIN.D001.NO.Z.D,Tasa de Política Monetaria,DAILY,2025-05-20,5.0,2025,5,20,2
F022.TPM.TIN.D001.NO.Z.D,Tasa de Política Monetaria,DAILY,2025-05-22,5.0,2025,5,22,2
F022.TPM.TIN.D001.NO.Z.D,Tasa de Política Monetaria,DAILY,2025-05-23,5.0,2025,5,23,2
F022.TPM.TIN.D001.NO.Z.D,Tasa de Política Monetaria,DAILY,2025-05-26,5.0,2025,5,26,2
F022.TPM.TIN.D001.NO.Z.D,Tasa de Política Monetaria,DAILY,2025-05-27,5.0,2025,5,27,2
F022.TPM.TIN.D001.NO.Z.D,Tasa de Política Monetaria,DAILY,2025-05-28,5.0,2025,5,28,2
F022.TPM.TIN.D001.NO.Z.D,Tasa de Política Monetaria,DAILY,2025-05-29,5.0,2025,5,29,2
F022.TPM.TIN.D001.NO.Z.D,Tasa de Política Monetaria,DAILY,2025-05-30,5.0,2025,5,30,2
F022.TPM.TIN.D001.NO.Z.D,Tasa de Política Monetaria,DAILY,2025-06-02,5.0,2025,6,2,2
F022.TPM.TIN.D001.NO.Z.D,Tasa de Política Monetaria,DAILY,2025-06-03,5.0,2025,6,3,2
F022.TPM.TIN.D001.NO.Z.D,Tasa de Política Monetaria,DAILY,2025-06-04,5.0,2025,6,4,2
F022.TPM.TIN.D001.NO.Z.D,Tasa de Política Monetaria,DAILY,2025-06-05,5.0,2025,6,5,2
F022.TPM.TIN.D001.NO.Z.D,Tasa de Política Monetaria,DAILY,2025-06-06,5.0,2025,6,6,2
F022.TPM.TIN.D001.NO.Z.D,Tasa de Política Monetaria,DAILY,2025-06-09,5.0,2025,6,9,2
F022.TPM.TIN.D001.NO.Z.D,Tasa de Política Monetaria,DAILY,2025-06-10,5.0,2025,6,10,2
F022.TPM.TIN.D001.NO.Z.D,Tasa de Política Monetaria,DAILY,2025-06-11,5.0,2025,6,11,2
F022.TPM.TIN.D001.NO.Z.D,Tasa de Política Monetaria,DAILY,2025-06-12,5.0,2025,6,12,2
F022.TPM.TIN.D001.NO.Z.D,Tasa de Política Monetaria,DAILY,2025-06-13,5.0,2025,6,13,2
F022.TPM.TIN.D001.NO.Z.D,Tasa de Política Monetaria,DAILY,2025-06-16,5.0,2025,6,16,2
F022.TPM.TIN.D001.NO.Z.D,Tasa de Política Monetaria,DAILY,2025-06-17,5.0,2025,6,17,2
F022.TPM.TIN.D001.NO.Z.D,Tasa de Política Monetaria,DAILY,2025-06-18,5.0,2025,6,18,2
F022.TPM.TIN.D001.NO.Z.D,Tasa de Política Monetaria,DAILY,2025-06-19,5.0,2025,6,19,2
F022.TPM.TIN.D001.NO.Z.D,Tasa de Política Monetaria,DAILY,2025-06-23,5.0,2025,6,23,2
F022.TPM.TIN.D001.NO.Z.D,Tasa de Política Monetaria,DAILY,2025-06-24,5.0,2025,6,24,2
F022.TPM.TIN.D001.NO.Z.D,Tasa de Política Monetaria,DAILY,2025-06-25,5.0,2025,6,25,2
F022.TPM.TIN.D001.NO.Z.D,Tasa de Política Monetaria,DAILY,2025-06-26,5.0,2025,6,26,2
F022.TPM.TIN.D001.NO.Z.D,Tasa de Política Monetaria,DAILY,2025-06-27,5.0,2025,6,27,2
F022.TPM.TIN.D001.NO.Z.D,Tasa de Política Monetaria,DAILY,2025-06-30,5.0,2025,6,30,2
F022.TPM.TIN.D001.NO.Z.D,Tasa de Política Monetaria,DAILY,2025-07-01,5.0,2025,7,1,3
F022.TPM.TIN.D001.NO.Z.D,Tasa de Política Monetaria,DAILY,2025-07-02,5.0,2025,7,2,3
F022.TPM.TIN.D001.NO.Z.D,Tasa de Política Monetaria,DAILY,2025-07-03,5.0,2025,7,3,3
F022.TPM.TIN.D001.NO.Z.D,Tasa de Política Monetaria,DAILY,2025-07-04,5.0,2025,7,4,3
F022.TPM.TIN.D001.NO.Z.D,Tasa de Política Monetaria,DAILY,2025-07-07,5.0,2025,7,7,3
F022.TPM.TIN.D001.NO.Z.D,Tasa de Política Monetaria,DAILY,2025-07-08,5.0,2025,7,8,3
F022.TPM.TIN.D001.NO.Z.D,Tasa de Política Monetaria,DAILY,2025-07-09,5.0,2025,7,9,3
F022.TPM.TIN.D001.NO.Z.D,Tasa de Política Monetaria,DAILY,2025-07-10,5.0,2025,7,10,3
F022.TPM.TIN.D001.NO.Z.D,Tasa de Política Monetaria,DAILY,2025-07-11,5.0,2025,7,11,3
F022.TPM.TIN.D001.NO.Z.D,Tasa de Política Monetaria,DAILY,2025-07-14,5.0,2025,7,14,3
F022.TPM.TIN.D001.NO.Z.D,Tasa de Política Monetaria,DAILY,2025-07-15,5.0,2025,7,15,3
F022.TPM.TIN.D001.NO.Z.D,Tasa de Política Monetaria,DAILY,2025-07-17,5.0,2025,7,17,3
F022.TPM.TIN.D001.NO.Z.D,Tasa de Política Monetaria,DAILY,2025-07-18,5.0,2025,7,18,3
F022.TPM.TIN.D001.NO.Z.D,Tasa de Política Monetaria,DAILY,2025-07-21,5.0,2025,7,21,3
F022.TPM.TIN.D001.NO.Z.D,Tasa de Política Monetaria,DAILY,2025-07-22,5.0,2025,7,22,3
F022.TPM.TIN.D001.NO.Z.D,Tasa de Política Monetaria,DAILY,2025-07-23,5.0,2025,7,23,3
F022.TPM.TIN.D001.NO.Z.D,Tasa de Política Monetaria,DAILY,2025-07-24,5.0,2025,7,24,3
F022.TPM.TIN.D001.NO.Z.D,Tasa de Política Monetaria,DAILY,2025-07-25,5.0,2025,7,25,3
F022.TPM.TIN.D001.NO.Z.D,Tasa de Política Monetaria,DAILY,2025-07-28,5.0,2025,7,28,3
F022.TPM.TIN.D001.NO.Z.D,Tasa de Política Monetaria,DAILY,2025-07-29,5.0,2025,7,29,3
F022.TPM.TIN.D001.NO.Z.D,Tasa de Política Monetaria,DAILY,2025-07-30,4.75,2025,7,30,3
F022.TPM.TIN.D001.NO.Z.D,Tasa de Política Monetaria,DAILY,2025-07-31,4.75,2025,7,31,3
F022.TPM.TIN.D001.NO.Z.D,Tasa de Política Monetaria,DAILY,2025-08-01,4.75,2025,8,1,3
F022.TPM.TIN.D001.NO.Z.D,Tasa de Política Monetaria,DAILY,2025-08-04,4.75,2025,8,4,3
F022.TPM.TIN.D001.NO.Z.D,Tasa de Política Monetaria,DAILY,2025-08-05,4.75,2025,8,5,3
F022.TPM.TIN.D001.NO.Z.D,Tasa de Política Monetaria,DAILY,2025-08-06,4.75,2025,8,6,3
F022.TPM.TIN.D001.NO.Z.D,Tasa de Política Monetaria,DAILY,2025-08-07,4.75,2025,8,7,3
F022.TPM.TIN.D001.NO.Z.D,Tasa de Política Monetaria,DAILY,2025-08-08,4.75,2025,8,8,3
F022.TPM.TIN.D001.NO.Z.D,Tasa de Política Monetaria,DAILY,2025-08-11,4.75,2025,8,11,3
F022.TPM.TIN.D001.NO.Z.D,Tasa de Política Monetaria,DAILY,2025-08-12,4.75,2025,8,12,3
F022.TPM.TIN.D001.NO.Z.D,Tasa de Política Monetaria,DAILY,2025-08-13,4.75,2025,8,13,3
F022.TPM.TIN.D001.NO.Z.D,Tasa de Política Monetaria,DAILY,2025-08-14,4.75,2025,8,14,3
F022.TPM.TIN.D001.NO.Z.D,Tasa de Política Monetaria,DAILY,2025-08-18,4.75,2025,8,18,3
F022.TPM.TIN.D001.NO.Z.D,Tasa de Política Monetaria,DAILY,2025-08-19,4.75,2025,8,19,3
F022.TPM.TIN.D001.NO.Z.D,Tasa de Política Monetaria,DAILY,2025-08-20,4.75,2025,8,20,3
F022.TPM.TIN.D001.NO.Z.D,Tasa de Política Monetaria,DAILY,2025-08-21,4.75,2025,8,21,3
F022.TPM.TIN.D001.NO.Z.D,Tasa de Política Monetaria,DAILY,2025-08-22,4.75,2025,8,22,3
F022.TPM.TIN.D001.NO.Z.D,Tasa de Política Monetaria,DAILY,2025-08-25,4.75,2025,8,25,3
F022.TPM.TIN.D001.NO.Z.D,Tasa de Política Monetaria,DAILY,2025-08-26,4.75,2025,8,26,3
F022.TPM.TIN.D001.NO.Z.D,Tasa de Política Monetaria,DAILY,2025-08-27,4.75,2025,8,27,3
F022.TPM.TIN.D001.NO.Z.D,Tasa de Política Monetaria,DAILY,2025-08-28,4.75,2025,8,28,3
F022.TPM.TIN.D001.NO.Z.D,Tasa de Política Monetaria,DAILY,2025-08-29,4.75,2025,8,29,3
F022.TPM.TIN.D001.NO.Z.D,Tasa de Política Monetaria,DAILY,2025-09-01,4.75,2025,9,1,3
F022.TPM.TIN.D001.NO.Z.D,Tasa de Política Monetaria,DAILY,2025-09-02,4.75,2025,9,2,3
F022.TPM.TIN.D001.NO.Z.D,Tasa de Política Monetaria,DAILY,2025-09-03,4.75,2025,9,3,3
F022.TPM.TIN.D001.NO.Z.D,Tasa de Política Monetaria,DAILY,2025-09-04,4.75,2025,9,4,3
F022.TPM.TIN.D001.NO.Z.D,Tasa de Política Monetaria,DAILY,2025-09-05,4.75,2025,9,5,3
F022.TPM.TIN.D001.NO.Z.D,Tasa de Política Monetaria,DAILY,2025-09-08,4.75,2025,9,8,3
F022.TPM.TIN.D001.NO.Z.D,Tasa de Política Monetaria,DAILY,2025-09-09,4.75,2025,9,9,3
F022.TPM.TIN.D001.NO.Z.D,Tasa de Política Monetaria,DAILY,2025-09-10,4.75,2025,9,10,3
F022.TPM.TIN.D001.NO.Z.D,Tasa de Política Monetaria,DAILY,2025-09-11,4.75,2025,9,11,3
F022.TPM.TIN.D001.NO.Z.D,Tasa de Política Monetaria,DAILY,2025-09-12,4.75,2025,9,12,3
F022.TPM.TIN.D001.NO.Z.D,Tasa de Política Monetaria,DAILY,2025-09-15,4.75,2025,9,15,3
F022.TPM.TIN.D001.NO.Z.D,Tasa de Política Monetaria,DAILY,2025-09-16,4.75,2025,9,16,3
F022.TPM.TIN.D001.NO.Z.D,Tasa de Política Monetaria,DAILY,2025-09-17,4.75,2025,9,17,3
F022.TPM.TIN.D001.NO.Z.D,Tasa de Política Monetaria,DAILY,2025-09-22,4.75,2025,9,22,3
F022.TPM.TIN.D001.NO.Z.D,Tasa de Política Monetaria,DAILY,2025-09-23,4.75,2025,9,23,3
F022.TPM.TIN.D001.NO.Z.D,Tasa de Política Monetaria,DAILY,2025-09-24,4.75,2025,9,24,3
F022.TPM.TIN.D001.NO.Z.D,Tasa de Política Monetaria,DAILY,2025-09-25,4.75,2025,9,25,3
F022.TPM.TIN.D001.NO.Z.D,Tasa de Política Monetaria,DAILY,2025-09-26,4.75,2025,9,26,3
F022.TPM.TIN.D001.NO.Z.D,Tasa de Política Monetaria,DAILY,2025-09-29,4.75,2025,9,29,3
F022.TPM.TIN.D001.NO.Z.D,Tasa de Política Monetaria,DAILY,2025-09-30,4.75,2025,9,30,3
F022.TPM.TIN.D001.NO.Z.D,Tasa de Política Monetaria,DAILY,2025-10-01,4.75,2025,10,1,4
F022.TPM.TIN.D001.NO.Z.D,Tasa de Política Monetaria,DAILY,2025-10-02,4.75,2025,10,2,4
F022.TPM.TIN.D001.NO.Z.D,Tasa de Política Monetaria,DAILY,2025-10-03,4.75,2025,10,3,4
F022.TPM.TIN.D001.NO.Z.D,Tasa de Política Monetaria,DAILY,2025-10-06,4.75,2025,10,6,4
F022.TPM.TIN.D001.NO.Z.D,Tasa de Política Monetaria,DAILY,2025-10-07,4.75,2025,10,7,4
F022.TPM.TIN.D001.NO.Z.D,Tasa de Política Monetaria,DAILY,2025-10-08,4.75,2025,10,8,4
F022.TPM.TIN.D001.NO.Z.D,Tasa de Política Monetaria,DAILY,2025-10-09,4.75,2025,10,9,4
F022.TPM.TIN.D001.NO.Z.D,Tasa de Política Monetaria,DAILY,2025-10-10,4.75,2025,10,10,4
F022.TPM.TIN.D001.NO.Z.D,Tasa de Política Monetaria,DAILY,2025-10-13,4.75,2025,10,13,4
F022.TPM.TIN.D001.NO.Z.D,Tasa de Política Monetaria,DAILY,2025-10-14,4.75,2025,10,14,4
F022.TPM.TIN.D001.NO.Z.D,Tasa de Política Monetaria,DAILY,2025-10-15,4.75,2025,10,15,4
F022.TPM.TIN.D001.NO.Z.D,Tasa de Política Monetaria,DAILY,2025-10-16,4.75,2025,10,16,4
F022.TPM.TIN.D001.NO.Z.D,Tasa de Política Monetaria,DAILY,2025-10-17,4.75,2025,10,17,4
F022.TPM.TIN.D001.NO.Z.D,Tasa de Política Monetaria,DAILY,2025-10-20,4.75,2025,10,20,4
F022.TPM.TIN.D001.NO.Z.D,Tasa de Política Monetaria,DAILY,2025-10-21,4.75,2025,10,21,4
F022.TPM.TIN.D001.NO.Z.D,Tasa de Política Monetaria,DAILY,2025-10-22,4.75,2025,10,22,4
F022.TPM.TIN.D001.NO.Z.D,Tasa de Política Monetaria,DAILY,2025-10-23,4.75,2025,10,23,4
F022.TPM.TIN.D001.NO.Z.D,Tasa de Política Monetaria,DAILY,2025-10-24,4.75,2025,10,24,4
F022.TPM.TIN.D001.NO.Z.D,Tasa de Política Monetaria,DAILY,2025-10-27,4.75,2025,10,27,4
F022.TPM.TIN.D001.NO.Z.D,Tasa de Política Monetaria,DAILY,2025-10-28,4.75,2025,10,28,4
F022.TPM.TIN.D001.NO.Z.D,Tasa de Política Monetaria,DAILY,2025-10-29,4.75,2025,10,29,4
F022.TPM.TIN.D001.NO.Z.D,Tasa de Política Monetaria,DAILY,2025-10-30,4.75,2025,10,30,4
F022.TPM.TIN.D001.NO.Z.D,Tasa de Política Monetaria,DAILY,2025-11-03,4.75,2025,11,3,4
F022.TPM.TIN.D001.NO.Z.D,Tasa de Política Monetaria,DAILY,2025-11-04,4.75,2025,11,4,4
F022.TPM.TIN.D001.NO.Z.D,Tasa de Política Monetaria,DAILY,2025-11-05,4.75,2025,11,5,4
F022.TPM.TIN.D001.NO.Z.D,Tasa de Política Monetaria,DAILY,2025-11-06,4.75,2025,11,6,4
F022.TPM.TIN.D001.NO.Z.D,Tasa de Política Monetaria,DAILY,2025-11-07,4.75,2025,11,7,4
F022.TPM.TIN.D001.NO.Z.D,Tasa de Política Monetaria,DAILY,2025-11-10,4.75,2025,11,10,4
F022.TPM.TIN.D001.NO.Z.D,Tasa de Política Monetaria,DAILY,2025-11-11,4.75,2025,11,11,4
F022.TPM.TIN.D001.NO.Z.D,Tasa de Política Monetaria,DAILY,2025-11-12,4.75,2025,11,12,4
F022.TPM.TIN.D001.NO.Z.D,Tasa de Política Monetaria,DAILY,2025-11-13,4.75,2025,11,13,4
F022.TPM.TIN.D001.NO.Z.D,Tasa de Política Monetaria,DAILY,2025-11-14,4.75,2025,11,14,4
F022.TPM.TIN.D001.NO.Z.D,Tasa de Política Monetaria,DAILY,2025-11-17,4.75,2025,11,17,4
F022.TPM.TIN.D001.NO.Z.D,Tasa de Política Monetaria,DAILY,2025-11-18,4.75,2025,11,18,4
F022.TPM.TIN.D001.NO.Z.D,Tasa de Política Monetaria,DAILY,2025-11-19,4.75,2025,11,19,4
F022.TPM.TIN.D001.NO.Z.D,Tasa de Política Monetaria,DAILY,2025-11-20,4.75,2025,11,20,4
F022.TPM.TIN.D001.NO.Z.D,Tasa de Política Monetaria,DAILY,2025-11-21,4.75,2025,11,21,4
F022.TPM.TIN.D001.NO.Z.D,Tasa de Política Monetaria,DAILY,2025-11-24,4.75,2025,11,24,4
F022.TPM.TIN.D001.NO.Z.D,Tasa de Política Monetaria,DAILY,2025-11-25,4.75,2025,11,25,4
F022.TPM.TIN.D001.NO.Z.D,Tasa de Política Monetaria,DAILY,2025-11-26,4.75,2025,11,26,4
F022.TPM.TIN.D001.NO.Z.D,Tasa de Política Monetaria,DAILY,2025-11-27,4.75,2025,11,27,4
F022.TPM.TIN.D001.NO.Z.D,Tasa de Política Monetaria,DAILY,2025-11-28,4.75,2025,11,28,4
F022.TPM.TIN.D001.NO.Z.D,Tasa de Política Monetaria,DAILY,2025-12-01,4.75,2025,12,1,4
F022.TPM.TIN.D001.NO.Z.D,Tasa de Política Monetaria,DAILY,2025-12-02,4.75,2025,12,2,4
F022.TPM.TIN.D001.NO.Z.D,Tasa de Política Monetaria,DAILY,2025-12-03,4.75,2025,12,3,4
F022.TPM.TIN.D001.NO.Z.D,Tasa de Política Monetaria,DAILY,2025-12-04,4.75,2025,12,4,4
F022.TPM.TIN.D001.NO.Z.D,Tasa de Política Monetaria,DAILY,2025-12-05,4.75,2025,12,5,4
F022.TPM.TIN.D001.NO.Z.D,Tasa de Política Monetaria,DAILY,2025-12-09,4.75,2025,12,9,4
F022.TPM.TIN.D001.NO.Z.D,Tasa de Política Monetaria,DAILY,2025-12-10,4.75,2025,12,10,4
F022.TPM.TIN.D001.NO.Z.D,Tasa de Política Monetaria,DAILY,2025-12-11,4.75,2025,12,11,4
F022.TPM.TIN.D001.NO.Z.D,Tasa de Política Monetaria,DAILY,2025-12-12,4.75,2025,12,12,4
F022.TPM.TIN.D001.NO.Z.D,Tasa de Política Monetaria,DAILY,2025-12-15,4.75,2025,12,15,4
F022.TPM.TIN.D001.NO.Z.D,Tasa de Política Monetaria,DAILY,2025-12-16,4.75,2025,12,16,4
F022.TPM.TIN.D001.NO.Z.D,Tasa de Política Monetaria,DAILY,2025-12-17,4.5,2025,12,17,4
F022.TPM.TIN.D001.NO.Z.D,Tasa de Política Monetaria,DAILY,2025-12-18,4.5,2025,12,18,4
F022.TPM.TIN.D001.NO.Z.D,Tasa de Política Monetaria,DAILY,2025-12-19,4.5,2025,12,19,4
F022.TPM.TIN.D001.NO.Z.D,Tasa de Política Monetaria,DAILY,2025-12-22,4.5,2025,12,22,4
F022.TPM.TIN.D001.NO.Z.D,Tasa de Política Monetaria,DAILY,2025-12-23,4.5,2025,12,23,4
F022.TPM.TIN.D001.NO.Z.D,Tasa de Política Monetaria,DAILY,2025-12-24,4.5,2025,12,24,4
F022.TPM.TIN.D001.NO.Z.D,Tasa de Política Monetaria,DAILY,2025-12-26,4.5,2025,12,26,4
F022.TPM.TIN.D001.NO.Z.D,Tasa de Política Monetaria,DAILY,2025-12-29,4.5,2025,12,29,4
F022.TPM.TIN.D001.NO.Z.D,Tasa de Política Monetaria,DAILY,2025-12-30,4.5,2025,12,30,4
F022.TPM.TIN.D001.NO.Z.D,Tasa de Política Monetaria,DAILY,2026-01-02,4.5,2026,1,2,1
F022.TPM.TIN.D001.NO.Z.D,Tasa de Política Monetaria,DAILY,2026-01-05,4.5,2026,1,5,1
F022.TPM.TIN.D001.NO.Z.D,Tasa de Política Monetaria,DAILY,2026-01-06,4.5,2026,1,6,1
F022.TPM.TIN.D001.NO.Z.D,Tasa de Política Monetaria,DAILY,2026-01-07,4.5,2026,1,7,1
F022.TPM.TIN.D001.NO.Z.D,Tasa de Política Monetaria,DAILY,2026-01-08,4.5,2026,1,8,1
F022.TPM.TIN.D001.NO.Z.D,Tasa de Política Monetaria,DAILY,2026-01-09,4.5,2026,1,9,1
F022.TPM.TIN.D001.NO.Z.D,Tasa de Política Monetaria,DAILY,2026-01-12,4.5,2026,1,12,1
F022.TPM.TIN.D001.NO.Z.D,Tasa de Política Monetaria,DAILY,2026-01-13,4.5,2026,1,13,1
F022.TPM.TIN.D001.NO.Z.D,Tasa de Política Monetaria,DAILY,2026-01-14,4.5,2026,1,14,1
F022.TPM.TIN.D001.NO.Z.D,Tasa de Política Monetaria,DAILY,2026-01-15,4.5,2026,1,15,1
F022.TPM.TIN.D001.NO.Z.D,Tasa de Política Monetaria,DAILY,2026-01-16,4.5,2026,1,16,1
F022.TPM.TIN.D001.NO.Z.D,Tasa de Política Monetaria,DAILY,2026-01-19,4.5,2026,1,19,1
F022.TPM.TIN.D001.NO.Z.D,Tasa de Política Monetaria,DAILY,2026-01-20,4.5,2026,1,20,1
F022.TPM.TIN.D001.NO.Z.D,Tasa de Política Monetaria,DAILY,2026-01-21,4.5,2026,1,21,1
F022.TPM.TIN.D001.NO.Z.D,Tasa de Política Monetaria,DAILY,2026-01-22,4.5,2026,1,22,1
F022.TPM.TIN.D001.NO.Z.D,Tasa de Política Monetaria,DAILY,2026-01-23,4.5,2026,1,23,1
F022.TPM.TIN.D001.NO.Z.D,Tasa de Política Monetaria,DAILY,2026-01-26,4.5,2026,1,26,1
F022.TPM.TIN.D001.NO.Z.D,Tasa de Política Monetaria,DAILY,2026-01-27,4.5,2026,1,27,1
F022.TPM.TIN.D001.NO.Z.D,Tasa de Política Monetaria,DAILY,2026-01-28,4.5,2026,1,28,1
F022.TPM.TIN.D001.NO.Z.D,Tasa de Política Monetaria,DAILY,2026-01-29,4.5,2026,1,29,1
F022.TPM.TIN.D001.NO.Z.D,Tasa de Política Monetaria,DAILY,2026-01-30,4.5,2026,1,30,1
F022.TPM.TIN.D001.NO.Z.D,Tasa de Política Monetaria,DAILY,2026-02-02,4.5,2026,2,2,1
F022.TPM.TIN.D001.NO.Z.D,Tasa de Política Monetaria,DAILY,2026-02-03,4.5,2026,2,3,1
F022.TPM.TIN.D001.NO.Z.D,Tasa de Política Monetaria,DAILY,2026-02-04,4.5,2026,2,4,1
F022.TPM.TIN.D001.NO.Z.D,Tasa de Política Monetaria,DAILY,2026-02-05,4.5,2026,2,5,1
F022.TPM.TIN.D001.NO.Z.D,Tasa de Política Monetaria,DAILY,2026-02-06,4.5,2026,2,6,1
F022.TPM.TIN.D001.NO.Z.D,Tasa de Política Monetaria,DAILY,2026-02-09,4.5,2026,2,9,1
F022.TPM.TIN.D001.NO.Z.D,Tasa de Política Monetaria,DAILY,2026-02-10,4.5,2026,2,10,1
F022.TPM.TIN.D001.NO.Z.D,Tasa de Política Monetaria,DAILY,2026-02-11,4.5,2026,2,11,1
F022.TPM.TIN.D001.NO.Z.D,Tasa de Política Monetaria,DAILY,2026-02-12,4.5,2026,2,12,1
F022.TPM.TIN.D001.NO.Z.D,Tasa de Política Monetaria,DAILY,2026-02-13,4.5,2026,2,13,1
F022.TPM.TIN.D001.NO.Z.D,Tasa de Política Monetaria,DAILY,2026-02-16,4.5,2026,2,16,1
F022.TPM.TIN.D001.NO.Z.D,Tasa de Política Monetaria,DAILY,2026-02-17,4.5,2026,2,17,1
F022.TPM.TIN.D001.NO.Z.D,Tasa de Política Monetaria,DAILY,2026-02-18,4.5,2026,2,18,1
F022.TPM.TIN.D001.NO.Z.D,Tasa de Política Monetaria,DAILY,2026-02-19,4.5,2026,2,19,1
F022.TPM.TIN.D001.NO.Z.D,Tasa de Política Monetaria,DAILY,2026-02-20,4.5,2026,2,20,1
F022.TPM.TIN.D001.NO.Z.D,Tasa de Política Monetaria,DAILY,2026-02-23,4.5,2026,2,23,1
F022.TPM.TIN.D001.NO.Z.D,Tasa de Política Monetaria,DAILY,2026-02-24,4.5,2026,2,24,1
F022.TPM.TIN.D001.NO.Z.D,Tasa de Política Monetaria,DAILY,2026-02-25,4.5,2026,2,25,1
F022.TPM.TIN.D001.NO.Z.D,Tasa de Política Monetaria,DAILY,2026-02-26,4.5,2026,2,26,1
F022.TPM.TIN.D001.NO.Z.D,Tasa de Política Monetaria,DAILY,2026-02-27,4.5,2026,2,27,1
F022.TPM.TIN.D001.NO.Z.D,Tasa de Política Monetaria,DAILY,2026-03-02,4.5,2026,3,2,1
F022.TPM.TIN.D001.NO.Z.D,Tasa de Política Monetaria,DAILY,2026-03-03,4.5,2026,3,3,1
F022.TPM.TIN.D001.NO.Z.D,Tasa de Política Monetaria,DAILY,2026-03-04,4.5,2026,3,4,1
F022.TPM.TIN.D001.NO.Z.D,Tasa de Política Monetaria,DAILY,2026-03-05,4.5,2026,3,5,1
F022.TPM.TIN.D001.NO.Z.D,Tasa de Política Monetaria,DAILY,2026-03-06,4.5,2026,3,6,1
F022.TPM.TIN.D001.NO.Z.D,Tasa de Política Monetaria,DAILY,2026-03-09,4.5,2026,3,9,1
F022.TPM.TIN.D001.NO.Z.D,Tasa de Política Monetaria,DAILY,2026-03-10,4.5,2026,3,10,1
F022.TPM.TIN.D001.NO.Z.D,Tasa de Política Monetaria,DAILY,2026-03-11,4.5,2026,3,11,1
F022.TPM.TIN.D001.NO.Z.D,Tasa de Política Monetaria,DAILY,2026-03-12,4.5,2026,3,12,1
F022.TPM.TIN.D001.NO.Z.D,Tasa de Política Monetaria,DAILY,2026-03-13,4.5,2026,3,13,1
F022.TPM.TIN.D001.NO.Z.D,Tasa de Política Monetaria,DAILY,2026-03-16,4.5,2026,3,16,1
F022.TPM.TIN.D001.NO.Z.D,Tasa de Política Monetaria,DAILY,2026-03-17,4.5,2026,3,17,1
F022.TPM.TIN.D001.NO.Z.D,Tasa de Política Monetaria,DAILY,2026-03-18,4.5,2026,3,18,1
F022.TPM.TIN.D001.NO.Z.D,Tasa de Política Monetaria,DAILY,2026-03-19,4.5,2026,3,19,1
F022.TPM.TIN.D001.NO.Z.D,Tasa de Política Monetaria,DAILY,2026-03-20,4.5,2026,3,20,1
F022.TPM.TIN.D001.NO.Z.D,Tasa de Política Monetaria,DAILY,2026-03-23,4.5,2026,3,23,1
F022.TPM.TIN.D001.NO.Z.D,Tasa de Política Monetaria,DAILY,2026-03-24,4.5,2026,3,24,1
F022.TPM.TIN.D001.NO.Z.D,Tasa de Política Monetaria,DAILY,2026-03-25,4.5,2026,3,25,1
F022.TPM.TIN.D001.NO.Z.D,Tasa de Política Monetaria,DAILY,2026-03-26,4.5,2026,3,26,1
F022.TPM.TIN.D001.NO.Z.D,Tasa de Política Monetaria,DAILY,2026-03-27,4.5,2026,3,27,1
F022.TPM.TIN.D001.NO.Z.D,Tasa de Política Monetaria,DAILY,2026-03-30,4.5,2026,3,30,1
F022.TPM.TIN.D001.NO.Z.D,Tasa de Política Monetaria,DAILY,2026-03-31,4.5,2026,3,31,1
F022.TPM.TIN.D001.NO.Z.D,Tasa de Política Monetaria,DAILY,2026-04-01,4.5,2026,4,1,2
F022.TPM.TIN.D001.NO.Z.D,Tasa de Política Monetaria,DAILY,2026-04-02,4.5,2026,4,2,2
F022.TPM.TIN.D001.NO.Z.D,Tasa de Política Monetaria,DAILY,2026-04-06,4.5,2026,4,6,2
F022.TPM.TIN.D001.NO.Z.D,Tasa de Política Monetaria,DAILY,2026-04-07,4.5,2026,4,7,2
F022.TPM.TIN.D001.NO.Z.D,Tasa de Política Monetaria,DAILY,2026-04-08,4.5,2026,4,8,2
F022.TPM.TIN.D001.NO.Z.D,Tasa de Política Monetaria,DAILY,2026-04-09,4.5,2026,4,9,2
F022.TPM.TIN.D001.NO.Z.D,Tasa de Política Monetaria,DAILY,2026-04-10,4.5,2026,4,10,2
F022.TPM.TIN.D001.NO.Z.D,Tasa de Política Monetaria,DAILY,2026-04-13,4.5,2026,4,13,2
F022.TPM.TIN.D001.NO.Z.D,Tasa de Política Monetaria,DAILY,2026-04-14,4.5,2026,4,14,2
F022.TPM.TIN.D001.NO.Z.D,Tasa de Política Monetaria,DAILY,2026-04-15,4.5,2026,4,15,2
F022.TPM.TIN.D001.NO.Z.D,Tasa de Política Monetaria,DAILY,2026-04-16,4.5,2026,4,16,2
F022.TPM.TIN.D001.NO.Z.D,Tasa de Política Monetaria,DAILY,2026-04-17,4.5,2026,4,17,2
F022.TPM.TIN.D001.NO.Z.D,Tasa de Política Monetaria,DAILY,2026-04-20,4.5,2026,4,20,2
F022.TPM.TIN.D001.NO.Z.D,Tasa de Política Monetaria,DAILY,2026-04-21,4.5,2026,4,21,2
F022.TPM.TIN.D001.NO.Z.D,Tasa de Política Monetaria,DAILY,2026-04-22,4.5,2026,4,22,2
F022.TPM.TIN.D001.NO.Z.D,Tasa de Política Monetaria,DAILY,2026-04-23,4.5,2026,4,23,2
F022.TPM.TIN.D001.NO.Z.D,Tasa de Política Monetaria,DAILY,2026-04-24,4.5,2026,4,24,2
F022.TPM.TIN.D001.NO.Z.D,Tasa de Política Monetaria,DAILY,2026-04-27,4.5,2026,4,27,2
F022.TPM.TIN.D001.NO.Z.D,Tasa de Política Monetaria,DAILY,2026-04-28,4.5,2026,4,28,2
F022.TPM.TIN.D001.NO.Z.D,Tasa de Política Monetaria,DAILY,2026-04-29,4.5,2026,4,29,2
F022.TPM.TIN.D001.NO.Z.D,Tasa de Política Monetaria,DAILY,2026-04-30,4.5,2026,4,30,2
F022.TPM.TIN.D001.NO.Z.D,Tasa de Política Monetaria,DAILY,2026-05-04,4.5,2026,5,4,2
F022.TPM.TIN.D001.NO.Z.D,Tasa de Política Monetaria,DAILY,2026-05-05,4.5,2026,5,5,2
F022.TPM.TIN.D001.NO.Z.D,Tasa de Política Monetaria,DAILY,2026-05-06,4.5,2026,5,6,2
F022.TPM.TIN.D001.NO.Z.D,Tasa de Política Monetaria,DAILY,2026-05-07,4.5,2026,5,7,2
F022.TPM.TIN.D001.NO.Z.D,Tasa de Política Monetaria,DAILY,2026-05-08,4.5,2026,5,8,2
F022.TPM.TIN.D001.NO.Z.D,Tasa de Política Monetaria,DAILY,2026-05-11,4.5,2026,5,11,2
F022.TPM.TIN.D001.NO.Z.D,Tasa de Política Monetaria,DAILY,2026-05-12,4.5,2026,5,12,2
F022.TPM.TIN.D001.NO.Z.D,Tasa de Política Monetaria,DAILY,2026-05-13,4.5,2026,5,13,2
F022.TPM.TIN.D001.NO.Z.D,Tasa de Política Monetaria,DAILY,2026-05-14,4.5,2026,5,14,2
F022.TPM.TIN.D001.NO.Z.D,Tasa de Política Monetaria,DAILY,2026-05-15,4.5,2026,5,15,2
F022.TPM.TIN.D001.NO.Z.D,Tasa de Política Monetaria,DAILY,2026-05-18,4.5,2026,5,18,2
F022.TPM.TIN.D001.NO.Z.D,Tasa de Política Monetaria,DAILY,2026-05-19,4.5,2026,5,19,2
F022.TPM.TIN.D001.NO.Z.D,Tasa de Política Monetaria,DAILY,2026-05-20,4.5,2026,5,20,2
F022.TPM.TIN.D001.NO.Z.D,Tasa de Política Monetaria,DAILY,2026-05-22,4.5,2026,5,22,2
F022.TPM.TIN.D001.NO.Z.D,Tasa de Política Monetaria,DAILY,2026-05-25,4.5,2026,5,25,2
F022.TPM.TIN.D001.NO.Z.D,Tasa de Política Monetaria,DAILY,2026-05-26,4.5,2026,5,26,2
F022.TPM.TIN.D001.NO.Z.D,Tasa de Política Monetaria,DAILY,2026-05-27,4.5,2026,5,27,2
F022.TPM.TIN.D001.NO.Z.D,Tasa de Política Monetaria,DAILY,2026-05-28,4.5,2026,5,28,2
F022.TPM.TIN.D001.NO.Z.D,Tasa de Política Monetaria,DAILY,2026-05-29,4.5,2026,5,29,2
F022.TPM.TIN.D001.NO.Z.D,Tasa de Política Monetaria,DAILY,2026-06-01,4.5,2026,6,1,2
F022.TPM.TIN.D001.NO.Z.D,Tasa de Política Monetaria,DAILY,2026-06-02,4.5,2026,6,2,2
F022.TPM.TIN.D001.NO.Z.D,Tasa de Política Monetaria,DAILY,2026-06-03,4.5,2026,6,3,2
F022.TPM.TIN.D001.NO.Z.D,Tasa de Política Monetaria,DAILY,2026-06-04,4.5,2026,6,4,2
F022.TPM.TIN.D001.NO.Z.D,Tasa de Política Monetaria,DAILY,2026-06-05,4.5,2026,6,5,2
F022.TPM.TIN.D001.NO.Z.D,Tasa de Política Monetaria,DAILY,2026-06-08,4.5,2026,6,8,2
F022.TPM.TIN.D001.NO.Z.D,Tasa de Política Monetaria,DAILY,2026-06-09,4.5,2026,6,9,2
F022.TPM.TIN.D001.NO.Z.D,Tasa de Política Monetaria,DAILY,2026-06-10,4.5,2026,6,10,2
F022.TPM.TIN.D001.NO.Z.D,Tasa de Política Monetaria,DAILY,2026-06-11,4.5,2026,6,11,2
F022.TPM.TIN.D001.NO.Z.D,Tasa de Política Monetaria,DAILY,2026-06-12,4.5,2026,6,12,2
F022.TPM.TIN.D001.NO.Z.D,Tasa de Política Monetaria,DAILY,2026-06-15,4.5,2026,6,15,2
F022.TPM.TIN.D001.NO.Z.D,Tasa de Política Monetaria,DAILY,2026-06-16,4.5,2026,6,16,2
F022.TPM.TIN.D001.NO.Z.D,Tasa de Política Monetaria,DAILY,2026-06-17,4.5,2026,6,17,2
F022.TPM.TIN.D001.NO.Z.D,Tasa de Política Monetaria,DAILY,2026-06-18,4.5,2026,6,18,2
F022.TPM.TIN.D001.NO.Z.D,Tasa de Política Monetaria,DAILY,2026-06-19,4.5,2026,6,19,2
F022.TPM.TIN.D001.NO.Z.D,Tasa de Política Monetaria,DAILY,2026-06-22,4.5,2026,6,22,2
F022.TPM.TIN.D001.NO.Z.D,Tasa de Política Monetaria,DAILY,2026-06-23,4.5,2026,6,23,2
F022.TPM.TIN.D001.NO.Z.D,Tasa de Política Monetaria,DAILY,2026-06-24,4.5,2026,6,24,2
F022.TPM.TIN.D001.NO.Z.D,Tasa de Política Monetaria,DAILY,2026-06-25,4.5,2026,6,25,2
F022.TPM.TIN.D001.NO.Z.D,Tasa de Política Monetaria,DAILY,2026-06-26,4.5,2026,6,26,2
F022.TPM.TIN.D001.NO.Z.D,Tasa de Política Monetaria,DAILY,2026-06-30,4.5,2026,6,30,2
F022.TPM.TIN.D001.NO.Z.D,Tasa de Política Monetaria,DAILY,2026-07-01,4.5,2026,7,1,3
F022.TPM.TIN.D001.NO.Z.D,Tasa de Política Monetaria,DAILY,2026-07-02,4.5,2026,7,2,3
F022.TPM.TIN.D001.NO.Z.D,Tasa de Política Monetaria,DAILY,2026-07-03,4.5,2026,7,3,3
F022.TPM.TIN.D001.NO.Z.D,Tasa de Política Monetaria,DAILY,2026-07-06,4.5,2026,7,6,3
F022.TPM.TIN.D001.NO.Z.D,Tasa de Política Monetaria,DAILY,2026-07-07,4.5,2026,7,7,3
F022.TPM.TIN.D001.NO.Z.D,Tasa de Política Monetaria,DAILY,2026-07-08,4.5,2026,7,8,3
F022.TPM.TIN.D001.NO.Z.D,Tasa de Política Monetaria,DAILY,2026-07-09,4.5,2026,7,9,3
F022.TPM.TIN.D001.NO.Z.D,Tasa de Política Monetaria,DAILY,2026-07-10,4.5,2026,7,10,3
F022.TPM.TIN.D001.NO.Z.D,Tasa de Política Monetaria,DAILY,2026-07-13,4.5,2026,7,13,3
F022.TPM.TIN.D001.NO.Z.D,Tasa de Política Monetaria,DAILY,2026-07-14,4.5,2026,7,14,3
F022.TPM.TIN.D001.NO.Z.D,Tasa de Política Monetaria,DAILY,2026-07-15,4.5,2026,7,15,3
F022.TPM.TIN.D001.NO.Z.D,Tasa de Política Monetaria,DAILY,2026-07-17,4.5,2026,7,17,3
F022.TPM.TIN.D001.NO.Z.D,Tasa de Política Monetaria,DAILY,2026-07-20,4.5,2026,7,20,3
F022.TPM.TIN.D001.NO.Z.D,Tasa de Política Monetaria,DAILY,2026-07-21,4.5,2026,7,21,3
F022.TPM.TIN.D001.NO.Z.D,Tasa de Política Monetaria,DAILY,2026-07-22,4.5,2026,7,22,3
F022.TPM.TIN.D001.NO.Z.D,Tasa de Política Monetaria,DAILY,2026-07-23,4.5,2026,7,23,3
F022.TPM.TIN.D001.NO.Z.D,Tasa de Política Monetaria,DAILY,2026-07-24,4.5,2026,7,24,3
F022.TPM.TIN.D001.NO.Z.D,Tasa de Política Monetaria,DAILY,2026-07-27,4.5,2026,7,27,3
F022.TPM.TIN.D001.NO.Z.D,Tasa de Política Monetaria,DAILY,2026-07-28,4.5,2026,7,28,3
F022.TPM.TIN.D001.NO.Z.D,Tasa de Política Monetaria,DAILY,2026-07-29,4.5,2026,7,29,3
F022.TPM.TIN.D001.NO.Z.D,Tasa de Política Monetaria,DAILY,2026-07-30,4.5,2026,7,30,3
F022.TPM.TIN.D001.NO.Z.D,Tasa de Política Monetaria,DAILY,2026-07-31,4.5,2026,7,31,3
F022.TPM.TIN.D001.NO.Z.D,Tasa de Política Monetaria,DAILY,2026-08-03,4.5,2026,8,3,3
F022.TPM.TIN.D001.NO.Z.D,Tasa de Política Monetaria,DAILY,2026-08-04,4.5,2026,8,4,3
F022.TPM.TIN.D001.NO.Z.D,Tasa de Política Monetaria,DAILY,2026-08-05,4.5,2026,8,5,3
F022.TPM.TIN.D001.NO.Z.D,Tasa de Política Monetaria,DAILY,2026-08-06,4.5,2026,8,6,3
F022.TPM.TIN.D001.NO.Z.D,Tasa de Política Monetaria,DAILY,2026-08-07,4.5,2026,8,7,3
F022.TPM.TIN.D001.NO.Z.D,Tasa de Política Monetaria,DAILY,2026-08-10,4.5,2026,8,10,3
F022.TPM.TIN.D001.NO.Z.D,Tasa de Política Monetaria,DAILY,2026-08-11,4.5,2026,8,11,3
F022.TPM.TIN.D001.NO.Z.D,Tasa de Política Monetaria,DAILY,2026-08-12,4.5,2026,8,12,3
F022.TPM.TIN.D001.NO.Z.D,Tasa de Política Monetaria,DAILY,2026-08-13,4.5,2026,8,13,3
